77311905R;Mara Ambrojo Exposito;Reus;61;57251;631.44;255.91;-83.82;317.66;-150.32;353.95;7.3
36987701H;Joan M Arnan Comellas;'L''Hospitalet De Llobregat';67;40951;304.38;119.02;-119.85;8.48;43.4;151.99;81.95;-127.85;127.34;43.27;412.74
45544180W;Elisenda Blanco Requejo;Mataró;55;37927;234.95;-0.79;-13.45;39.74;-287.04;-172.22;-129.7;74.89;90.13;56.73
46743545X;Maria Cristina Caleya Fermoselle;Vic;52;35195;717.38;-53.43;-66.22;63.3;-4.78;63.97;94.99
52274788C;Esther Collado Salgado;Vic;45;35073;278.57;73.09;-106.38;18.77;-34.61;273.76;-190.07;-214.59;-279.0;-33.04;-44.86
47614167Y;Regina Charles Piedra;Cerdanyola Del Vallés;52;56902;385.68;191.01;-138.92;-69.76;-0.47;-46.08;-21.48;200.63
46755157O;Angel Fabrego Escamilla;Lleida;41;48623;545.58;-61.53;88.91;-22.69;322.83;-101.82;243.92;6.43
46751168A;Berta Faro Baena;Mollet Del Vallès;43;53983;355.08;-316.53;-102.34;-372.07;375.17;-269.19;10.6;123.09;60.27;-337.37
38145526G;Esteve Finestra Elia;Blanes;42;35897;533.05;154.89;3.88;549.95;39.63;-151.19;-427.24;206.77
40446681H;Ruben Grao Orta;Lleida;59;57039;819.0;259.8;-217.71;332.09;52.12;-331.94;-103.9;-9.62
33946091A;Luis Miguel Gutierrez Bueno;Mollet Del Vallès;66;54930;357.8;150.36;447.99;-0.59;-502.97;-396.76;306.4;-23.1;51.78
36521202A;Noemi Jodra Planas;Cornellà Del Llobregat;54;35138;498.8;-172.25;-142.65;-278.66;-278.35;-16.99;33.39;439.57;60.52;-197.51;18.62
46752124C;Ernest Lucas Redondo;Cerdanyola Del Vallés;66;51975;729.25;-30.25;-183.25;-37.02;-120.93;-339.39;510.85;-124.76
46770197K;Mercedes Palahi Rovira;Igualada;42;50659;151.4;-307.36;38.98;-57.78;-18.5;-13.66;-563.44
43436441N;Eduardo Pereira Dorado;'L''Hospitalet De Llobregat';61;37971;79.49;-74.49;-307.73;-60.98;-28.78;37.31;38.97;-218.66;-282.86;-205.34
36517855Z;Arantzazu Renedo Centelles;Girona;45;39164;687.76;58.99;0.66;-224.69;112.15;-110.63;-201.47;-33.18;-1.16;33.24;0.45
52405618J;Juan David Rosés Amador;Figueres;46;53117;580.24;-13.36;-32.16;45.27;-477.87;-198.24;-149.62
52409512A;Gerardo Vidal Julia;Gavà;52;32864;715.04;83.45;-17.67;-480.99;-236.9;26.57;-195.2;44.33;414.44;255.99;29.51
47710785T;Pol Agenjo Anton;Rubí;53;45787;202.41;58.73;0.75;-98.96;-190.53;165.58;-79.3
43509827J;Joel Gamez Salsench;Terrassa;49;40067;939.17;-471.63;87.61;-71.47;6.55;-33.07;-232.88;-193.51;-190.51;-11.79
38141276Y;Montserrat Luesma Alarcon;Badalona;69;44337;748.88;-31.47;-49.67;246.61;0.19;-51.53;77.45
33947100B;M Del Mar Tamayo Pereira;Cerdanyola Del Vallés;58;46162;347.86;-356.96;-244.06;339.99;-545.02;159.22;181.46
78151437B;Sergio Jose Troyano Sánchez;Tarragona;43;51950;147.49;-158.01;-22.85;-18.11;-107.95;17.39;-176.45
33950850R;Martí Bravo Meneses;Reus;50;46876;627.42;-20.58;-88.77;-67.09;0.0;41.53;-81.7;-16.36;366.06;115.37
78086883I;Francisco Javier Casanovas Godina;Badalona;41;41697;919.75;-89.02;-82.4;49.32;181.55;73.08;-291.28
44176017L;Xavier Godoy Rio Ayne;Blanes;53;33778;474.47;-35.72;8.94;-168.49;-20.01;-96.09;28.93;255.77;528.58
44185419N;Gabriel Yague Andres;Figueres;52;39640;586.9;-16.68;78.57;125.84;-16.6;-8.19;-74.0;39.57;239.21
33951240Q;Miquel Carril Sojo;Terrassa;54;55202;452.51;-44.74;85.9;-252.82;-10.06;-302.07;-335.37;-156.85
44188817P;Noe Espinos Corchon;Igualada;47;57195;342.55;-127.23;128.35;183.15;124.44;-226.96;-138.16;352.76
37383015U;Felipe Blanch Pozo;Lleida;57;38566;113.29;-274.93;454.45;156.02;-47.94;-40.13;-41.46;195.52;67.94;52.78
38838548J;Sergio Cañete Alonso;Mataró;60;54679;304.64;-245.71;-258.36;31.43;-96.44;-183.87;-9.57;14.75;-0.53;2.91
33948616R;Justin Casado Iglesias;Figueres;44;33300;638.1;328.62;-462.21;-405.42;351.38;-23.28;-339.01;224.67;-200.66;172.05;94.94
38124416O;Eduard Cortes-Russell Verde;'L''Hospitalet De Llobregat';52;57384;134.9;14.42;-190.8;181.31;-174.05;-19.71;291.53;-11.16
77115831G;Justin Escorihuela Crespo;Manresa;70;44822;357.38;35.55;72.92;-279.18;-17.17;-251.74;-113.08;550.36;-399.16
41504409F;Jose Antonio Francisco Teruel;Vic;60;54543;113.87;227.7;-79.83;19.45;-345.32;274.76;-14.03;-56.05;126.71;97.8;-14.56
46725073V;Miquel Francesc Gine Melero;Mollet Del Vallès;52;30047;47.54;-134.75;203.99;402.46;-304.18;-277.97;-21.81;34.69;-115.21
43535687X;Antonio Miguel Gracia Clemençon;Tarragona;45;50632;166.09;142.73;148.0;-58.96;-111.44;25.73;-154.48
40990405D;Pilar Grau Botella;Badalona;67;41760;418.47;309.03;-216.92;-5.87;255.96;-5.54;131.91
52914912W;Esther Martos Conejo;Badalona;55;43868;906.99;382.36;-359.32;-96.06;323.01;-171.37;40.51;-376.33;185.23
46940595F;Jose Antonio Morlans Boixeda;Ripollet;40;55067;385.17;87.31;-298.39;23.6;169.53;40.22;61.65;13.64
52162661E;Joan M Munne Yañez;Mollet Del Vallès;52;50382;738.4;-162.06;-104.0;250.19;28.47;177.34;-23.25;50.58;121.29
36528834X;Pedro Luis Nieto Diaz-Morera;Cerdanyola Del Vallés;51;30055;981.18;-353.7;244.12;39.71;134.92;-72.05;176.46;-2.49;-173.01;-50.27;18.85
52626169D;Ricardo Ortin Fontenla;'L''Hospitalet De Llobregat';57;54286;894.2;-124.1;-263.09;298.71;-220.69;37.15;-1.56
46752708L;Judit Pazos Revellon;Ripollet;45;35162;248.08;206.53;114.88;-68.85;-5.57;-64.61;140.3;66.45;-3.63
43539537J;Marcos Periago Maynou;Manresa;66;39590;100.21;20.56;336.0;213.82;18.91;172.44;312.61;137.59;-55.3
44189971I;Enric Porto Puyol;Gavà;64;59272;529.32;23.1;-296.89;-30.34;446.17;146.07;-121.53;218.8;-208.29;-275.35
46765552F;Jose Jesus Rubio Valenzuela;Gavà;68;34034;799.64;-81.42;-407.13;-250.65;-108.43;125.02;6.97;110.15
53071137P;Javier Safont Delgado;Badalona;50;40130;322.25;29.27;-69.15;-151.43;-130.34;-489.93;109.03;-134.23
36518339C;Alejandro Tribo Gallego;Mataró;48;44168;971.18;-153.34;115.25;-66.3;36.48;-1.3;-149.79
44218582A;Luis Alberto Tuñón Castro Pasarrius;Cerdanyola Del Vallés;52;55659;686.52;-56.56;284.95;-152.75;266.26;-243.69;-75.95
46735533X;Alvar Valero Marin;Reus;43;31382;198.85;-64.45;-2.65;-27.69;-52.4;-96.99;-210.27;41.08;-158.86;99.67;87.29
40993840A;Jorge Alejandro Villarroya Ripoll;Vic;63;41780;506.43;29.02;224.21;51.49;-60.05;2.91;487.51;37.51;-211.4;117.36
47710264E;Jose Javier Villegas Arranz;Ripollet;47;44898;167.33;-34.22;29.24;-136.05;67.19;-8.66;71.12;-69.38
46356537T;Alfonso Acedo Zorrilla;Gavà;55;58237;667.05;-3.18;-29.15;147.67;77.16;-320.17;242.5;85.75;-190.85;132.78
46749718W;Ernest Victor Alarcon Ratia;Esplugues De Llobregat;66;58982;266.42;-22.92;38.06;91.87;177.72;508.92;132.1;-34.67;248.58
52169537F;Emilio Alsina Bonhome;Mollet Del Vallès;44;52352;885.77;180.99;-1.84;4.33;-96.15;-92.26;246.47;136.8;12.62;-347.07;94.03
52469343I;David Alzuria Rosco;Girona;45;54321;61.56;145.58;66.35;496.44;-213.92;-452.44;7.24;87.16;-203.82
43729508D;Jordi Arcos Miralles;Cerdanyola Del Vallés;54;52483;29.06;22.19;-304.31;2.84;-106.07;31.79;50.33;58.7;-100.6;-456.61;-192.33
39343461O;Simon Asin Artigues;Tarragona;65;33128;526.57;197.85;18.14;-422.78;128.96;6.72;0.47;-380.96;-6.34;-189.83;52.92
33949253W;Carlos Lorenzo Bolivar Diez;Manresa;63;44323;929.25;533.42;-307.55;-13.28;131.31;-408.2;-188.88;-88.0;-546.75
36528210E;Fco. Javier Bonell Gispert;Mataró;68;43824;520.91;-48.72;-349.78;-71.08;-36.74;151.27;196.56;143.52;208.91
43430853D;Antoni Clemente Carvajal;Girona;62;33705;544.57;-116.41;-151.25;-95.52;23.08;-267.91;123.87;183.43;60.69;-162.26
43699533U;Edith Cordero Cid;'L''Hospitalet De Llobregat';41;49022;166.58;25.66;-479.73;-134.92;-2.0;145.1;472.18
46352168B;Jorge Alejandro Dalmau Sadurni;Blanes;53;35591;382.11;-198.79;-44.58;-210.63;-83.98;-160.73;-75.01;-6.06;-38.28
X1369923U;Paula Delgado Ramirez;Gavà;56;34365;730.04;138.64;45.12;444.55;9.78;268.38;-93.37;-322.12
46354598T;Veronica Eseberri Costa;Granollers;41;31516;623.33;-105.2;-43.32;161.83;-237.36;-46.89;17.98;-6.85;18.14;-411.57;-13.38
38822280B;Ana Isabel Hadidian Barrachina;Gavà;69;36985;820.68;193.67;97.61;-28.26;-243.31;-414.1;-26.96
39730135O;Hector Jose Lluch Perez;Esplugues De Llobregat;62;34332;791.92;-319.25;-225.81;234.01;-120.81;-256.78;38.92;-69.71;-36.19;27.52;275.18
77304765I;Edith Medel Lopez;Cerdanyola Del Vallés;63;49450;858.78;-8.21;40.28;-1.64;-217.36;115.45;-231.82;177.27;-183.86;349.15;-99.74
46762874Z;Carolina Millet Garcia;Rubí;51;57036;576.4;84.77;112.76;212.93;103.18;47.49;-79.09;-0.82;166.11
38139331U;Roberto Montane Marti;Figueres;60;41726;429.03;-153.71;175.54;132.33;200.96;-88.39;-73.19;-15.2;-70.95;-59.68
44998586S;Esteve Paino Mayos;Vic;54;32302;493.43;-178.14;-7.25;-179.81;-227.47;153.02;-220.18;-13.3;-30.4
46729055H;Santiago Pedrajas Garriga;Mollet Del Vallès;45;59486;117.13;110.65;63.44;-17.54;-76.71;247.23;-90.86;-45.23;-138.29;387.29
44189321C;Victor Ruzola Riera;Mollet Del Vallès;52;47760;485.27;87.1;-134.31;203.61;-38.49;254.01;221.21;323.29;144.02;-34.94;-85.85
40997561C;Jose Angel Salvaña Martinez;Tarragona;58;42755;73.59;58.6;-394.33;-73.75;21.87;10.63;96.97;-128.65;-188.47
46818211R;Nuria Vico Jimenez;Reus;43;52317;478.45;340.41;-298.08;-422.16;42.1;-100.35;-98.36
44199467D;Sergi Herrera Cebada;Cornellà Del Llobregat;49;54165;179.07;302.04;-106.54;141.0;535.15;-289.26;-42.47;201.93;168.76
52629728F;Manuel Ariza Fernandez;Lleida;57;51866;963.46;-2.63;12.77;350.94;-25.8;296.43;-244.23;1.59;430.26;63.01
47614209R;Ines Ayora Espuelas;Lleida;60;51454;441.75;81.59;-320.58;-286.9;75.18;-135.51;-121.96;-51.7;-30.51;-67.7
38143580I;Agnes Monje Andres Reyes;Badalona;66;58455;979.66;-69.22;74.96;6.25;-320.76;-167.92;-7.07
43427977T;Joan Quintanilla La Torre Badia;Girona;45;41361;854.9;-2.17;-38.51;-480.53;7.67;-14.42;-35.25;-12.39;-26.44;-26.94;-268.96
38124530G;Ruben Albujar Ferreira;Gavà;45;37951;553.11;-538.79;-4.51;-220.21;3.14;-2.18;-72.75;-397.95;23.06;-71.24
47616596S;Esperanza Macare Bonal Pareta;Tarragona;54;52759;898.91;-33.82;-212.81;16.28;9.73;0.48;-445.69;84.74;-113.23;4.29
44188752Z;Alejandra Holgado Puig;Figueres;49;46643;960.31;398.62;376.31;-135.83;-165.25;-202.58;-98.07;-40.76;-115.6;202.08
36520065T;Jose Enrique Angel Solanellas;'L''Hospitalet De Llobregat';53;31567;104.35;37.98;-404.63;9.68;-127.36;365.52;-174.54;-5.37;56.16;-36.8;0.0
46674946A;Jose Sainz Collell;Cerdanyola Del Vallés;64;54870;482.48;6.05;-160.28;28.21;-191.51;128.79;48.84;-446.45;188.88
52277688W;Raimon Benitez Godia;Girona;53;49518;87.12;-125.3;-48.48;-56.75;-75.99;277.83;182.57;-129.83;-139.26;190.16;4.99
35123334S;Noemi Molinos Villar;Cerdanyola Del Vallés;49;36351;642.12;2.05;4.48;-419.45;-87.79;100.47;-14.24;-53.26;-410.61;227.25;413.51
43443882I;Francesc Brendle Doblado;Vic;65;47055;618.98;-150.69;-361.87;90.47;151.75;-99.95;155.4
36517917N;Yolanda Lara Masramon;Girona;50;50410;824.05;-417.72;34.88;50.22;0.1;-316.1;380.65
52412328U;Anna Muelas Valverde;Igualada;40;35952;893.7;-189.6;-204.49;-303.91;112.82;-6.63;-121.16
35067449D;David Luis Quevedo Mateu;Terrassa;50;56098;940.63;-295.6;-514.46;14.75;361.51;-239.53;45.57;-46.8;11.44;257.38;-0.04
46759863G;Fernando Rozados Olea;Lleida;48;31264;993.25;-199.22;-29.29;-60.36;-18.76;-26.86;538.66;26.88
46763018R;Simon Betriu Jubany;Girona;51;40639;586.83;-40.06;163.91;-116.44;206.8;390.21;167.03
46778591W;Jose Miguel Albendea Francesch;Terrassa;54;35393;132.26;-25.07;-14.71;499.99;61.65;76.44;-239.39
36518261V;Francisco David Higueruelo Herrero;'L''Hospitalet De Llobregat';41;55413;791.79;80.78;-16.55;-411.57;159.06;-65.44;-72.46;452.28;-433.97
38112072Z;Sergio Jose Marcos Pons;Figueres;62;41809;974.01;40.76;470.48;422.48;-17.75;214.22;21.83;117.21;-90.49;123.55;-53.4
35102780M;Inmaculada J. Bou Vicente;'L''Hospitalet De Llobregat';48;55399;788.97;-230.53;0.6;-217.41;-118.6;33.73;100.0;-36.12;540.81
44415312L;Oscar Algilaga Bailon;Ripollet;63;55210;372.51;141.92;-4.2;-419.09;-59.99;9.7;362.14;-127.54;104.25;22.51
43539470M;Juan Carlos Anoro Porta;'L''Hospitalet De Llobregat';70;38565;803.62;278.82;-73.48;-182.57;-261.33;-130.4;-73.97;443.02;-0.22
37383587R;Edgar Barberan Cantero;Igualada;47;44252;136.06;337.12;238.12;-173.54;5.33;108.24;433.44
38151664P;Ignacio Barcelo Prat;Granollers;68;51011;135.5;-4.48;-59.33;-176.74;-411.03;143.82;33.49;-9.25
46696354M;Ramon Antonio Berrojo Soler;Tarragona;64;30725;325.57;6.85;119.2;61.3;-247.41;-48.62;225.56;-127.14;-228.07
36574805J;Albert Borruel Pastor;Reus;49;50555;638.95;-281.76;3.81;-43.07;38.19;19.38;6.27;260.49;64.83;251.1
43534675U;Adolfo Bueno Caballero;Granollers;57;33744;543.87;-97.46;-329.34;109.48;-163.52;31.92;-211.23;362.42;402.44;-248.03;60.32
35026234A;Monica Cabeza Roglan;Gavà;61;31050;835.85;29.32;120.82;-143.21;98.49;118.13;-324.98;66.43;45.81;342.55;-6.48
36522639S;Milagros Cama Maties;Lleida;57;38852;221.33;137.39;152.77;31.0;355.56;158.68;85.82;-215.95;197.86;-87.17;544.23
52193800B;Raul Cantenys Mejias;Badalona;50;36380;564.53;-75.51;386.53;74.02;-46.05;113.86;-1.76;-39.99
40995420S;Fco. Javier Casajoana Moreno;Cornellà Del Llobregat;50;47093;520.59;25.4;-228.45;-28.91;8.21;-39.62;1.18;-28.08;-52.95;-323.94
52914743C;Eva Castillo Guillamon;Vic;59;58731;621.0;-280.87;283.33;-150.66;231.26;433.52;11.58
39371973S;Jorge Jose Catala Quintero;Cornellà Del Llobregat;69;56838;957.44;-114.53;7.84;123.4;-89.81;28.3;229.15
77309424O;Isaac Catalina Trullols;Mollet Del Vallès;56;59350;854.36;-172.85;-159.25;258.09;160.55;4.19;-15.67;43.1;-52.66
78090541T;Lidia Colomer Soto;Terrassa;47;51066;452.04;-225.87;161.65;95.86;-32.62;-128.36;-302.19;-325.77;-37.14
38833297C;Mireia Compte Pelegrin;Vic;41;51989;552.84;15.16;6.57;-7.57;279.27;-120.7;-42.68;-15.25;-202.66
43436092Q;Carlos Miguel De Gomez;Girona;44;58468;782.12;-8.82;163.72;-201.47;-359.49;37.86;-73.1;-323.0;111.78;-95.58
52629317Q;Joan Carles Dinares Lorente;Mataró;70;47769;472.92;-279.98;30.22;406.24;118.87;29.03;69.33;-44.47;66.59;316.34
33956762W;Milagros Espiña Fortuny;Barcelona;47;34427;150.62;-376.99;299.33;45.66;273.41;-79.51;-50.1
47610840K;Arantzazu Esteve Duran;Tarragona;60;52887;483.54;67.59;164.96;-15.49;-152.73;15.24;252.95;-10.24;350.61;228.02;184.37
44990689W;Ricardo Font Colom;Mollet Del Vallès;48;38109;120.96;-27.56;361.17;22.08;275.23;54.53;46.69;45.25;-104.33;100.76
36573341O;Julian Gangolells Alonso;Cerdanyola Del Vallés;43;55643;786.87;200.27;164.26;31.64;-135.65;-15.74;235.96;-3.16;-1.18;-284.07;231.01
33943638X;Ines Garcia Marquine;Igualada;66;41147;907.36;233.03;27.56;189.63;-91.96;-54.97;8.08
36517170C;Santiago Garriga Traveria;Figueres;53;44225;915.57;403.28;-100.32;-115.64;-444.14;4.19;-358.05;-121.5;94.95;26.73;-129.72
05206111S;Miguel Angel Gil Blancas;Manresa;51;36801;525.96;-7.94;119.91;-114.17;-105.79;143.31;46.84;13.48;60.22;140.04
46762607Y;Elisabet Gonzalez Tena;Cornellà Del Llobregat;40;48601;143.28;-11.29;-244.36;241.2;70.9;-113.42;-129.3;-73.06;4.93;-70.99
38844093J;Eva Maria Lopez Alvarez;Barcelona;40;38778;168.28;164.32;16.97;70.31;115.86;17.57;407.04;192.21;-207.6;14.39
44193091O;Miguel Luque Arellano;Girona;41;35992;419.94;304.57;10.62;229.6;52.89;-79.32;259.52;-229.15;471.58
43744981I;Ernesto Mancha Alemany;Barcelona;61;47264;796.79;35.6;-160.82;284.99;-146.71;158.36;-119.78;264.07;158.38;140.51
46963271N;Mireia Martin Gutierrez;Badalona;64;43545;173.08;-150.32;61.14;-468.15;-146.97;-21.12;50.86;-63.13;-4.22;-140.56;91.74
47610173T;Alvar Masclans Hormigos;Girona;42;44953;188.07;-3.62;-146.86;-28.64;153.55;-306.82;-25.44;12.05
38143724H; Manuel Alejand. Megias Reyes;Terrassa;67;40490;287.7;13.14;-74.34;-92.24;115.72;78.13;-53.26;-90.51
43508044C;Alberto Carlos Mercadal Dubos;Cornellà Del Llobregat;41;42038;41.81;353.24;-75.49;-186.99;17.83;1.92;6.95;360.17;-126.97;113.43
43694605V;Alfonso Merchan Miro;Barcelona;58;37538;690.01;-294.97;-22.09;398.45;241.96;102.38;-240.97;222.4
53028788Z;Ana Molina Javierre;Manresa;44;53809;492.86;-44.27;58.87;343.59;-170.81;-58.54;-305.14;92.81
46759375B;Raül Mollon Requena;Badalona;61;48818;452.01;1.16;132.01;-531.4;-2.38;-77.04;-20.95;-52.14;-28.73
46698141Y;Justo Carlos Mongay Huguet;Mollet Del Vallès;43;34694;49.67;80.51;-118.2;-67.55;35.22;97.39;-222.22;127.22;-212.25
53066644M;Maria Remedios Morales Martos;Reus;47;45812;201.03;15.9;-119.56;-171.4;280.98;219.91;22.18;-187.08
44176354R;Manuel Olive Espinar;Vic;50;53562;109.4;-19.18;94.01;34.55;69.77;-221.29;49.55;-213.3;-54.09;131.38
46752223I;Xavier Onandia Rodriguez;Gavà;44;44329;464.36;-198.89;184.67;90.27;-68.09;236.16;-148.6;-16.09
39888633N;Antonio Palacios Bolos;Cerdanyola Del Vallés;61;47759;305.74;-4.03;98.72;44.92;210.98;32.99;56.13;95.43;-190.8
38138107S;Raul Feliciano Pañellas Gonzalez;Igualada;57;49169;185.76;-411.6;84.46;21.88;200.14;-305.46;372.83;-250.45;-64.02
44193228R;Rita Parra Simorra;Cerdanyola Del Vallés;46;43227;39.99;-102.64;159.64;24.37;-83.41;-52.09;-319.27;-159.15;-19.34;379.29;-39.35
46751062F;Angel Perez Parral;'L''Hospitalet De Llobregat';67;44047;577.18;219.23;-136.1;147.26;-16.83;-11.73;-0.06;77.81;-277.8;78.8
37386322H;Luis Antonio Piñeira Rubio;Esplugues De Llobregat;65;30274;355.03;-311.97;-111.19;-67.99;183.49;101.28;349.96;263.83;-0.62;5.63;79.13
46812449T;Manel Poyato Serrano;Ripollet;67;31391;346.43;-217.25;-231.45;83.12;6.51;182.45;88.65;-18.62;-180.71;-164.37
46756146F;Juan Pedro Ramon Mayo;Figueres;65;31449;12.39;-112.31;-292.72;-105.65;295.62;-70.36;-93.46
53082904C;Victoriano Ramos Abella;Rubí;53;46093;493.33;44.67;76.6;-243.1;-108.36;128.91;-2.06;-2.73
37330579Q;Martinai Regas Mayans;Lleida;50;37675;122.61;-387.06;-54.6;-55.59;65.74;216.45;107.65;-179.68;381.23
52913557I;Pol Reifs Abad;Igualada;55;37956;939.67;182.83;212.76;-208.71;-267.4;99.15;496.28;-2.74;-60.2;248.3;50.85
44009399Q;Ma. Alba Resmella Dominguez;Igualada;49;49094;627.38;6.51;-147.15;72.98;509.07;210.82;203.26;208.01;226.99
44981147P;Juan Antonio Ribalta Oliva;'L''Hospitalet De Llobregat';59;46549;549.15;103.77;19.49;183.27;-306.4;-226.28;-32.06;28.49;-130.98
46237866T;Olga Rico Porta;Terrassa;56;39271;37.3;217.1;-307.34;-146.37;-54.58;6.9;108.22;-261.14;278.08
38127023P;M Del Mar Sabate Farres;Vic;65;40909;688.16;-50.58;-42.42;-26.96;401.64;47.58;-23.04;10.94
43533131A;Sandra Sanchez Royo;Igualada;49;39796;991.26;169.49;48.27;-272.52;-425.45;-40.86;150.5;83.62
43539124M;Juan Pablo Sanjurjo Trullas;Lleida;64;54757;74.49;71.79;-9.14;543.16;114.05;-50.48;226.8;-37.88;155.68
33946713Q;Felipe Seminago Diaz;'L''Hospitalet De Llobregat';65;56947;823.69;-100.26;198.53;318.48;179.23;-21.95;-20.17
47610925Y;Justo Cesar Sese Gamero;Granollers;52;41393;843.14;-98.87;-135.05;376.91;-156.31;129.43;327.14;-384.39;-60.02
46787365D;Ana M Ucher Guardia;Vic;47;44015;989.38;24.77;421.56;-32.41;-74.65;-70.36;-18.96;-43.69;-132.41;66.48;-60.2
36518752F;Manel-Ventura Urreta Blay;Reus;58;56221;144.99;282.15;-177.72;44.84;45.11;252.5;-51.53;264.95;4.76;124.66
38841592Z;Alejandro Vazquez Vazquez;Figueres;54;58400;97.94;-276.76;144.1;282.96;-89.27;-199.78;392.68
44016168V;Gerard Vieta Mingonrance;Rubí;53;39377;171.15;-175.27;66.19;12.95;-398.83;-35.77;21.8;-185.18;-60.24;-31.71
38094091G;Gaspar Villaret Pavon;'L''Hospitalet De Llobregat';56;55325;690.47;-273.9;201.78;-138.61;-110.3;-59.59;-500.38;10.85;146.27;375.0
40991385L;Abel Zaera Pejoan;Reus;57;42093;418.88;322.7;43.82;-4.19;405.6;-135.7;-1.85;243.27;-2.3;60.11
43741266O;Carlos-Alberto Abad Esteban Manzanares;Ripollet;61;55629;757.01;-1.54;202.72;173.43;0.6;136.59;243.57;501.0;360.13
36575690F;Serafin Amoros Bonet;Blanes;56;49435;202.21;96.28;-309.33;-115.48;77.77;20.71;-49.6;32.29;254.41
43528721L;Andres Kieran Arilla Artigas;Granollers;46;51645;229.8;40.87;83.15;-21.56;5.5;-390.78;-230.08;-2.52;-81.42;10.02
46687007R;Adolfo Blasco Martin;Granollers;42;34851;720.35;14.19;0.08;260.93;24.99;85.47;-307.98
44991705T;Sergio Bosch Villanueva;Blanes;70;31747;183.7;-57.0;24.77;3.73;-362.81;-17.43;-30.36;-2.72;-420.65
38141700P;Ernest Campiñez Campos;Girona;49;37053;574.8;-492.99;-17.84;-41.45;-437.06;-24.17;214.77
46759335S;Ernest Cando Lama;Vic;68;51985;353.32;279.92;29.74;-71.01;-284.37;-21.5;238.91
36531026M;Isaac Carrasco Del Rio;Manresa;50;58031;686.33;-466.72;-312.06;-378.5;-181.54;-57.38;-319.52;-20.91
46694515Q;Monica Carrascosa Quer;Gavà;66;41983;379.25;-80.7;305.71;-171.0;-280.91;30.62;-304.54;238.73;-357.66
46350546I;M Del Mar Cirugeda Ramos;Rubí;66;48335;793.22;-470.66;-48.36;-71.21;-47.18;38.62;42.08;141.91
52628878S;Maria Jose Crehuet Sans;Girona;47;55343;621.61;-55.94;-61.66;-141.07;318.87;339.39;-252.23;138.81;-507.48
78090047I;Elisenda Español Domenech;Figueres;46;48295;705.39;24.02;-27.8;-6.65;-12.02;-34.39;-4.99;182.22;-187.5;22.62
46732813C;Maria Teresa Fernandez Zavala;Barcelona;69;59914;479.94;-45.12;110.7;-24.08;95.53;-170.84;194.54;167.45;-56.99;186.18;331.65
37384758W;Jaime Joaquin Flores Alarcón;Cornellà Del Llobregat;52;39615;125.99;24.83;-42.27;-192.85;126.79;-33.78;20.4
18034336S;Alvar Gilberte Casitas;Reus;64;46449;98.16;-19.23;-20.58;-358.61;85.85;30.41;-329.22
44004679R;Raimon Guerrero Sanahuja;Terrassa;49;49354;826.37;-505.22;-70.27;3.88;129.19;151.56;-6.16
39700317V;Fernando Lozano Duarte;Rubí;59;32620;783.91;-71.44;-113.37;-129.51;18.75;-53.52;104.26;275.02;235.88;-141.01
46788258V;Victor Martinez Pi;Badalona;47;52071;88.5;284.04;399.48;183.74;299.69;-69.36;-7.0;63.74;262.22;202.83
77476976O;Vanessa Massana Sanchez;Lleida;44;44895;576.06;-76.2;-160.6;-29.19;-8.32;198.65;-132.17;208.91;-9.49;-53.5;-6.86
52155093Y;Eloy Miguel Castillo;Barcelona;59;49377;989.3;5.18;-150.67;-91.3;-28.88;-20.44;173.8
46814728C;Marc Mir Piñol;Badalona;40;33774;37.42;148.39;-110.87;50.23;301.43;75.33;415.22
36532247Q;Jorge Jose Miro Huarte;Tarragona;60;59015;743.09;-160.32;240.87;167.33;94.86;-79.19;-126.54;-8.12;-4.54
44015550Y;Hector Jose Montoya Caja;Cornellà Del Llobregat;53;53360;458.15;-202.95;23.29;-39.47;52.83;-52.58;34.87;-220.55;17.6;-230.4
46789003M;Juan Jesus Morata Haba;'L''Hospitalet De Llobregat';52;39672;863.98;-195.78;132.72;2.14;-15.14;-207.94;241.37
40991597L;Maria Mota Lazaro;Esplugues De Llobregat;55;52460;485.29;-343.26;-13.59;167.65;15.79;139.18;-4.64;-69.83
36516345K;Inmaculada J. Muñoz Ruiz;Vic;57;58297;28.87;-168.97;-31.1;-108.5;-87.35;23.54;-296.42;275.28;70.08;-98.64;65.94
36526590Q;Xenia Outerelo Ibar;Girona;48;55823;36.12;142.29;-161.2;42.57;181.44;-61.82;-101.34;459.14;-29.29;84.51
39353560I;Ines Poveda Mena;Lleida;57;50013;360.98;-58.6;32.52;-90.87;398.9;4.46;-65.72;-85.03;-194.24;-153.09;-296.98
38823899R;Roser Rodriguez Vivancos;Tarragona;64;58419;169.44;-150.38;215.57;120.5;338.78;-21.85;4.83;-23.36;244.05
33953652L;Enric Torres Arias;Granollers;43;38964;569.3;-21.97;119.23;-106.43;81.54;-327.65;198.2;3.5;-173.12
33947820G;Javier Jorge Tur Paredes;Mataró;55;55651;485.51;-335.84;0.0;299.4;-413.01;-423.56;420.58;280.99;-7.94;205.9;37.02
18223715C;Ana Belen Vera Casadevall;Ripollet;61;42832;592.27;61.97;108.86;-138.15;47.46;42.39;-122.8;227.59
52173309X;Ruben Ardiaca Limiñana;Lleida;47;50836;403.61;250.52;40.92;-17.71;72.44;68.22;125.35;-13.3;18.12
53077983B;Santos Castro Valles;Figueres;62;44932;45.51;-72.32;191.0;365.83;94.74;-54.3;53.09;15.36
43447019E;Jose Antonio Company Palomar;Gavà;40;54187;327.09;-77.89;491.89;-83.22;338.96;104.24;115.0;-35.78;-59.79;-40.11;164.87
46748080G;Ana Gema Duran Garcia;Cornellà Del Llobregat;61;30911;386.31;32.3;125.53;423.19;224.17;189.58;81.69
52436926Y;Elisabet Fabregat Rodriguez;Lleida;51;47354;574.23;300.01;-12.76;-108.13;83.41;-262.66;-58.96;-20.01;-5.4;-0.96
40996357B;Elisenda Hernandez Deza;Mollet Del Vallès;64;49668;35.93;88.64;-154.41;-583.22;12.36;11.36;-126.37;-99.56;-318.0
44185800V;Pedro Mayo Montejano;Badalona;64;34693;152.54;397.39;-73.32;-149.77;70.74;311.12;-18.02
46787717P;David Penetro Arasa;Cerdanyola Del Vallés;63;50716;643.5;-371.28;-98.7;-101.35;540.89;168.04;-250.46;13.95;313.73;138.3;-349.53
46058177V;Oscar Rifa Lopez;Manresa;70;31371;287.49;-241.12;-209.73;-99.34;-157.62;226.83;99.51;-491.83
78083241D;Noemi Suñol Fuentes;Figueres;63;50906;49.9;291.09;315.27;135.18;-50.77;15.22;399.12;-314.12
38148492B;Miriam Torne Becerril;Vic;59;48175;0.28;410.34;-374.26;268.23;293.26;-6.7;9.63;12.39;-0.29;-248.89;26.47
46738258G;Alejandro Cayetano Palomino;Cerdanyola Del Vallés;47;44542;462.44;-5.75;119.15;33.74;-235.23;-254.2;-241.88
53073772Z;Ruben Crivilles Morcillo;Vic;70;49000;552.74;-132.71;343.9;-215.86;121.68;-29.09;-169.99;130.98;107.47;54.6;-46.65
44175116I;Vera Pons Fusco;Igualada;50;47921;687.32;18.06;-438.47;140.95;56.48;-421.05;338.72
43534569Y;Ramona Sanesteban Bou;Manresa;44;45122;76.84;73.42;289.03;221.41;17.96;-524.62;-69.07
43537244K;'Kenneth Torralbo O''Sullivan';Blanes;59;32067;901.11;217.62;-477.88;18.22;-144.29;206.15;-95.65;-31.14
44187077T;Maria Pilar Urrea De San Carlos;Terrassa;62;47762;78.84;-299.66;-165.56;-169.57;-39.52;-368.87;-3.95;0.0
52627387S;Alicia Borregón Cortes;Lleida;53;50077;968.3;-27.93;-2.81;-462.21;82.75;75.36;351.52;99.37;-75.5;233.23;-248.84
46673796U;Alejandro Toledano Vilafranca;Girona;42;50735;856.22;-223.54;82.9;-142.18;-3.87;-114.28;-6.46;-77.66
46062496J;Jose Angel Catalan Diaz;Figueres;51;34870;950.43;-233.96;-116.59;528.06;-384.19;-12.62;12.12;559.52;170.43;89.78;-171.64
43628877Y;Sergio Hervas Piquero;Granollers;64;49749;564.25;175.7;-578.94;-175.71;16.39;-146.1;-13.38
46767705O;Celia Requena Aguilar;Esplugues De Llobregat;55;43893;254.98;-187.57;-36.4;-262.31;54.43;-211.01;-119.68;57.43
46759958U;Teresa Abarca Vega;Lleida;47;42421;95.57;274.66;175.88;-18.37;69.95;-72.49;-338.74;-26.14;-66.64;58.21;229.57
46764070L;Carolina Bota Borras;Granollers;49;43342;340.56;1.18;-75.26;445.81;-233.0;-12.0;-5.81;19.66;61.84
46579830H;Eduardo Huera Torres;Rubí;49;36886;525.72;-35.62;-261.82;-566.64;-190.78;39.58;-28.36;25.31;-82.04
52912955M;Eugenio Lanero Llagostera;Terrassa;68;36955;756.42;-206.48;206.36;147.7;148.9;-21.07;86.68;-161.91;152.55;-259.88
52155037O;Jose Maria Murillo Aguilar;Cerdanyola Del Vallés;54;37735;692.09;-111.83;128.91;-18.44;15.23;358.31;30.4;25.89;-330.9
43735607J;Jose Alfredo Chamorro Renom;Igualada;44;56700;540.91;-21.93;384.82;5.95;19.05;334.8;72.09;7.22
44188423E;Juan Ignacio Aguilar Soto;Cornellà Del Llobregat;42;37298;215.11;-59.3;-35.3;-55.9;322.75;-192.22;-189.01
44196690B;Eduard Aguilera Alvarez;Manresa;49;59395;981.48;-265.79;-59.83;-168.58;-103.1;-143.65;-225.76;35.63;36.04;33.7
38841660F;Lluis Balague Bolado;Manresa;57;40908;784.3;-19.7;90.37;253.65;-448.66;-109.04;-353.82;-109.63;-198.03
53070811Y;Damia Caballe Valdivieso;Granollers;52;55358;742.39;207.25;192.99;-106.51;194.7;116.54;415.15;-12.97;6.62
46681832H;Antonio Luis Carneros Bonjorn;Cornellà Del Llobregat;44;51977;707.12;38.72;20.95;536.7;53.11;16.0;-48.4
38820155H;Cristobal Casiano Lazaro;Badalona;50;37977;612.81;31.25;374.74;-51.39;-10.58;-12.55;-25.54
44185403E;Francisco Javier Costa Malats;'L''Hospitalet De Llobregat';48;51340;67.6;40.91;1.95;108.25;217.1;237.27;269.7;278.56;-260.64;-318.0;351.57
46677011M;Ricardo Dieste Suriñach;Mataró;54;50463;416.31;166.72;45.09;-444.09;-21.05;261.62;-70.57
47611546X;Rene Frechilla Servera;Esplugues De Llobregat;61;41054;823.32;-407.13;-291.42;-346.36;-108.66;-118.29;8.57
52404594J;Carlos Eduardo Fuentes Torrents;Figueres;42;41647;419.0;390.21;-79.24;-25.76;270.17;122.02;230.2
52628396E;Maria Rosario Gallart Molina;Gavà;45;47292;191.84;181.65;464.28;195.29;-12.13;-41.18;22.86;260.63;-197.78
38128370L;Anna Maria Heredero Amor;Manresa;66;35815;775.85;39.23;-113.46;-401.3;-137.08;231.54;-39.37
36518022W;Miguel Angel Janer Gonzalez;Igualada;63;30395;889.44;143.4;2.17;-30.02;-216.98;434.56;-23.09;424.22;7.19;-217.18;90.42
40990935B;Justo Cesar Lazaro Francos;Girona;59;56157;535.17;94.12;-14.88;-509.14;53.99;519.55;-232.0;8.55
33968223U;Lidia March Ameijide;Mollet Del Vallès;63;45993;912.71;135.54;83.02;100.21;277.15;-48.24;-369.55;270.27;48.14;-66.4;-19.26
43419626C;Sergio Marimon Castellar;Mollet Del Vallès;50;58858;746.41;-320.2;-325.62;84.94;-119.53;-271.7;177.25;-216.4;-457.85;-44.47;-279.14
52627270K;Marcos Marta Antunez;Vic;48;45044;131.12;-133.77;-167.3;-76.33;-88.27;-29.16;196.45;24.62
52401956H;Susana Mendez Lucas;Terrassa;70;55051;807.87;165.58;186.36;-52.12;19.55;-363.5;38.88;-125.23;-126.9;-185.5
44191066O;Oscar Mestre Alcazar;Gavà;58;42629;321.42;-398.06;49.12;-284.29;16.41;-216.63;353.43;-285.76;110.23;457.84
46735492O;Carlos Miguel Montañana Bullich;Manresa;43;51076;611.24;53.08;14.44;199.1;-205.89;400.84;130.88;-39.71
43691722J;Juan Luis Moya Bellido;Vic;51;48367;687.08;-239.26;193.35;86.32;-25.02;-260.4;-209.34;-105.97;-142.35
39896855N;Pedro Luis Mustieles Pacho;Granollers;55;53953;607.63;15.58;-163.39;-266.91;-105.46;230.1;-138.78;459.28;1.61;-37.47;-149.6
43695565R;Enrique Niubo La Fuente Rodriguez;Lleida;52;59515;22.41;126.87;-27.25;218.67;-67.49;-65.79;-327.77;-116.85;247.57;-272.42
52627391N;Miquel Francesc Oste Cuadrado;Barcelona;64;56351;885.3;213.0;-48.76;300.15;23.73;-81.86;403.49
38104685I;Salvador Palma Camprubi;Girona;40;43275;352.55;-13.47;39.06;515.79;-315.56;-139.57;-310.63;21.24;10.54;14.72
53070523C;Francisco Josei Peris Alay;Mataró;55;32964;762.65;143.24;-4.24;42.19;303.64;45.3;-494.15;90.45;382.55;-16.12
79285093Z;Maria Isabel Pujol Alferez;Cerdanyola Del Vallés;50;49832;906.17;3.07;-53.1;-227.46;-39.14;7.51;-119.49;147.88
43530593A;Vera Rafael Serra;Igualada;51;38125;939.63;139.31;394.38;-88.77;31.95;-280.93;239.64
46737937M;Gema Renteria Forns;Barcelona;48;36557;2.82;-408.46;48.34;72.34;-51.9;29.45;-290.46
43525931I; Manuel Alejand. Riba Navarra;Tarragona;41;38284;692.97;-118.3;159.06;-38.99;199.82;43.27;375.59;-71.94;17.26
44013936Y;M Jose Rius Erill;Vic;51;32978;110.75;-75.96;-52.78;419.77;168.34;-116.3;236.76;-212.25
38116418D;Berta Rocher Tardio;Cornellà Del Llobregat;48;35346;600.83;-82.8;387.19;19.86;359.09;70.02;-15.74;33.82;242.56;262.57;-87.14
36522202R;Josep Guillem Ruiz Corredor;Badalona;64;32031;443.42;-230.62;-289.32;76.52;356.56;427.57;-126.3;-235.42;313.05;-188.87
43445052X;Agustí Sala Berdugo;Mataró;55;49818;156.81;-18.73;-125.4;-79.32;-16.47;-44.75;-30.72;59.43;-401.7
46743772P;Jose Antonio Sedó Fabra;Reus;46;37472;645.65;191.73;58.98;421.73;-78.12;273.89;-49.16;-273.37
53025389A;Gerard Segura Requejo;Badalona;66;46333;483.7;157.74;262.41;-262.81;-140.21;115.15;448.43;-210.57;-269.8;148.57;111.38
46755222A;Guadalupe Serra Moriana;Figueres;45;43940;743.91;-175.48;295.89;33.86;-530.59;292.52;-226.17
44187402J;Ainoha Serradell Carazo;Reus;65;46723;86.95;-8.44;-113.08;213.45;-4.08;-127.47;146.09
33953651P;Francisco Javier Servera Pla;Lleida;65;58809;804.85;-204.56;-34.86;-143.46;6.77;206.59;27.61;-78.65;-425.94;-0.09
78081689A;Maria Del Mar Soto Polo;Manresa;43;41555;476.36;543.23;88.75;399.79;-191.57;8.95;30.23;-208.76;-89.05;-183.54;105.74
43065033T;Sara Talavera Creus;Reus;54;34927;150.71;-27.07;289.73;5.08;-404.85;9.81;-176.05;-399.62;-156.55
43516357C;Maria Del Carmen Tercero Solench;Cornellà Del Llobregat;70;40529;84.57;-320.48;16.5;188.77;-42.85;66.93;41.85;-172.27;-94.87
52209813H;Robert Ubeda Ribes;Manresa;48;57511;218.3;376.07;120.11;-383.32;161.47;-116.37;123.02;249.32
46237179N;Raquel Maria Velazquez Rafel;Mollet Del Vallès;51;58014;131.52;44.2;172.11;44.77;-16.97;-28.44;-362.65;541.46;2.49;12.74;-3.44
29075686O;Enrique David Viguer Simon;Badalona;57;36958;829.88;194.59;54.67;-350.93;192.66;-228.25;-309.89
38838123H;Elisenda Vilar Sanz;Mataró;61;43739;162.81;293.32;-392.31;14.62;24.6;60.61;115.61;-104.93;60.71;-497.56
38141741K;Xavier Angulo Marina;Figueres;60;32402;497.47;-11.15;-221.71;26.05;-57.98;-20.96;-250.36;99.19;267.48
40917354O;Miguel Carrillo Ribau;Reus;44;37648;698.38;-458.67;82.52;82.56;179.68;143.04;106.82;-0.45;-56.24;-19.01;-4.04
37714808V;Jesús Casamitjana Nubiola;Cerdanyola Del Vallés;49;48467;743.51;164.52;179.9;10.13;40.2;-263.0;49.19
46750585R;Maria Isabel Cascales Cortina;Igualada;45;37609;512.86;-197.19;-21.94;230.83;64.38;319.92;-22.99;-45.13;-77.08
46731771F;German Castellano Agraz;Vic;66;37876;910.85;235.21;-42.93;-199.35;345.31;-174.56;180.02
44182665N;Francisco Jose Colado Jimenez;Rubí;40;59716;996.9;-211.97;27.9;-239.65;-130.0;10.41;-125.01;-430.98;160.33
41086507U;Albert Josep Corral Coloma;Terrassa;56;59571;456.22;52.81;71.9;341.06;-16.81;296.21;284.21;118.85
16001946D;Juan Cortijo Morlans;Mataró;45;50920;188.7;418.91;-274.98;232.53;50.78;1.15;2.78;-19.54;-140.86;0.65;-413.69
47613279V;Juan Ramon Chinchilla Maroto;Cerdanyola Del Vallés;40;34834;589.89;107.75;25.53;-32.91;1.19;99.19;-85.94;-196.73;-115.86;-144.12
43731491G;Daniel Dux-Santoy Guirro;Tarragona;68;57860;526.45;243.09;-34.35;6.49;-114.22;204.28;-131.08;-15.42;288.99;86.95
46116501K;Jose Angel Escale Marzal;Figueres;47;37144;582.83;237.45;119.47;153.98;166.49;-47.43;-218.98;-258.4;-172.89;-266.49
46741116D;Julian Escola Montes;Barcelona;41;35334;363.58;-372.22;-272.62;21.23;104.09;-398.82;-14.23;-39.05;244.78
46349208T;Isaac Espinosa Farre;Granollers;40;47313;905.55;-151.34;184.21;-20.14;-187.85;45.9;65.89
38458468W;Maria Jose Falcó Anllo;Vic;51;53115;441.63;127.34;31.93;-181.41;-79.55;4.58;-74.06;-138.16;83.17
46348881S;Josep Maria Fortuny Ruiz;Igualada;68;30855;779.46;-11.28;267.68;-49.1;225.67;7.91;283.2;3.68;-191.35;-134.89
46684471O;Raul Fuses Regales;Granollers;50;37173;669.28;201.43;19.33;-20.58;46.87;248.34;356.23
43096384W;Hector Jurado Andres Lopez;Esplugues De Llobregat;59;53244;913.5;-102.06;-182.47;-581.46;-32.13;-5.92;71.77;298.98
46780637G;Pere Claver Lebron Balcells;Ripollet;56;49416;267.3;-74.03;121.39;-6.98;179.94;204.49;-344.63;-300.89;481.26;-62.89;155.33
77310202Q;Eric Margui Vidal;Mataró;57;37220;938.95;-220.82;43.18;177.42;-243.19;-42.02;352.9;112.36
38085837Z;Anna Pijuan Almendros;Badalona;41;56122;961.28;74.4;-51.35;-196.5;-19.35;-273.52;55.03;175.08;-558.32
38118917X;Manuel Puga Dominguez;Figueres;66;53070;810.8;224.38;-12.63;-128.59;48.93;103.38;-344.17;-271.58;-60.55
77476114S;Felipe Roca Nuñez;Manresa;54;52492;618.51;51.8;191.03;-378.94;-33.71;-90.37;94.51;-124.71;290.9;-21.93
43696676K;Moises Romero Fores;Figueres;50;59322;907.35;49.12;65.84;-27.04;76.78;38.19;306.03;-88.18
46696875R;Ines Sainero Riba;Mataró;69;39469;52.7;-158.98;-236.88;8.58;74.45;193.54;-39.72;244.53
36522550Y;Alvar Matamala Carracedo;Manresa;44;37152;937.87;-78.28;372.61;-339.04;-63.69;-43.83;-17.92
44016256N;Maria Del Carmen Alba Manso;Ripollet;64;47919;765.09;55.66;71.84;266.64;-36.78;131.83;291.01
46639558G;Demian Matias Albareda Ortiz;Terrassa;70;42636;139.15;-314.43;17.43;-3.34;-297.26;-100.9;-159.74;287.44;252.76
43537437X;Raquel Amela Lecumberri;Igualada;53;33128;564.14;-8.7;0.46;-190.88;-465.45;-1.16;55.61
44015863W;Josep Maria Arranz Manzano;Igualada;66;41234;918.78;75.14;-306.43;-226.71;-12.29;25.69;-35.12;-85.66;-46.3;147.02;71.84
41086415J;Jose Jacinto Arroyo Esteve;Manresa;57;39531;708.12;62.4;-385.2;-223.89;36.6;64.66;-88.57;-551.55;-100.62;37.32;-134.12
44184605O;Elisabet Barreña Amigo;Figueres;43;38603;617.54;-140.67;-165.7;-14.74;338.51;-198.86;83.43;-347.98;89.17
41083654Z;Alejandra Cartaña Carrascal;Mollet Del Vallès;54;38757;754.06;-111.33;17.52;0.41;416.14;36.45;160.06;55.04
77309958C;Raul Feliciano Casellas Garces;Girona;61;35163;35.53;1.34;10.41;-190.88;14.65;-404.91;-139.82;-158.88
46684077K;Carlos Castellnou Casals;Rubí;61;58364;579.73;6.7;-92.91;-25.64;-119.45;297.77;345.4
43444285G;Alberto Coll Pamies;Reus;42;32927;308.4;-77.6;-168.74;365.48;505.41;289.02;382.54;49.35;-232.98;-262.65
46062600F;Raquel Ferrus Anton;Manresa;50;38525;817.4;-26.48;-43.4;19.24;-90.02;192.36;-70.51;199.76;139.84
38825643H;Jose Jimenez Castella;Badalona;43;57763;40.08;-22.36;-386.44;-531.13;13.87;455.57;-239.96
46811563M;Daniel Mata Torner;Blanes;68;34163;811.81;332.37;43.12;-36.2;-94.95;-56.6;160.82;109.62;300.47
46766523C;Isaias Ovejero Tayadella;Cornellà Del Llobregat;52;37683;117.01;229.3;-64.43;-61.79;-29.18;4.9;-342.01;-217.02;-172.76;-20.99
40993021H;Elena Quero Herrero;Cerdanyola Del Vallés;54;47630;985.36;-293.61;-80.76;-464.28;-261.9;19.49;-271.35;128.98
43529273B;Alberto Ros Damians;Vic;56;40279;239.04;-208.71;281.17;-2.01;-3.26;32.72;-157.67;75.34;4.71;511.02;44.69
43446371Z;Meritxell Saiz Soler;Cornellà Del Llobregat;64;33436;304.7;348.78;-260.18;-11.4;286.5;-45.67;16.57;-386.43;-113.86;283.52;8.96
38143695F;Francisco Manuel Salazar Morales;Esplugues De Llobregat;40;55988;910.44;78.9;51.81;-94.94;27.85;-124.85;67.56;-69.42;-89.25
38135055M;Eva Maria Pastor Hernandez;Esplugues De Llobregat;70;55358;96.23;-404.55;218.65;505.29;462.53;-29.33;-159.31
35095180T;Gabriel Caro Viladrich;Figueres;40;33385;463.13;-60.91;-138.56;-122.2;6.58;23.3;58.9;362.76;82.22;7.2;-98.2
40989584B;Jose Antonio Dominguez Bagaza;Lleida;66;33843;446.71;3.27;220.82;-139.06;353.71;14.32;-31.5;-406.56;281.97
38127489A;Sergio Jose Ravenet Cerqueda;Lleida;56;51845;223.08;238.56;326.34;-244.2;-193.35;-90.71;134.7;1.86;44.8;10.37
46697979Y;Elisenda San Mombiola;Cornellà Del Llobregat;51;56732;835.72;-17.86;-93.59;-456.9;412.26;-53.58;32.11;-25.86;112.5
38825945X;Kenneth Agelet Arjona;Reus;66;38452;799.31;-58.43;-3.94;219.62;211.29;320.06;5.45
43539011O;Rene Caldentey Barcia;Mataró;47;54365;190.46;-248.98;-15.42;45.57;16.75;200.67;234.38;-19.23;-150.83;338.43
46678194U;Jorge Jose Escalera Ronquillo;Cornellà Del Llobregat;55;57949;38.2;-243.25;-38.63;-402.7;124.1;-497.87;20.91
43676606Z;Oscar Garrote Blanchart;Esplugues De Llobregat;64;49514;89.31;270.65;130.51;-57.49;-248.69;-78.69;79.61;7.97
52461165W;Raül Gas Palacios;Cerdanyola Del Vallés;70;50968;215.76;233.07;-97.84;503.21;-195.92;361.5;-472.94;372.78;97.08;-318.3;-248.84
43443829G;Eduardo Jordana Hernando;Barcelona;64;30723;210.11;-297.9;0.46;-4.28;-350.79;2.73;404.33;-143.89;280.72
46680874S;Adolfo Juarros Ballester;Badalona;62;34207;733.98;-55.25;-59.59;65.95;-204.72;251.06;-23.98
40998092B;Ana Gema Monton Carroza;Badalona;54;35828;459.04;-485.72;157.47;-50.09;260.06;30.53;-32.58;-239.22;81.08;-132.44
53080666J;Elisabet Moreno Rojo;Granollers;54;42258;727.92;24.4;-86.5;236.78;6.85;456.88;-437.51;367.97;-307.41;-184.59;-28.84
44188757R;José Miguel Morera De Prado;Terrassa;48;31305;611.24;102.22;166.53;89.88;-277.17;-8.75;-18.61;224.6
47610254O;Cristina Rosell Ribera;Cerdanyola Del Vallés;50;32696;5.33;297.46;47.66;44.04;63.89;-86.53;-195.29;60.38;-42.07;202.17;-6.43
36521864F;Elisenda Santos De Caralt;Terrassa;46;38445;823.11;-215.68;100.65;67.82;134.75;-6.87;-88.07;4.84;42.66;36.63
44183657E;Ana Isabel Sobrino Laserna;Ripollet;69;38101;437.38;-94.29;125.36;195.18;-42.68;3.71;212.5;-49.98;32.33;199.11
36527120B;Enric Domenech Estrella;Tarragona;66;35533;757.93;-18.99;144.16;324.22;284.83;-54.56;-351.93;-100.33;-274.99;136.47
41740517M;Justo Carlos Escobar Blanco;Igualada;58;32651;102.09;217.73;253.2;17.63;92.55;-93.94;277.59
47784329F;Raimon Ginard Domingo;Terrassa;68;47791;394.49;382.24;-27.61;326.06;317.51;-440.9;-191.92;40.65
77313308Y;Jesus Camilo Graells Bayon;Figueres;67;58431;84.38;196.35;-183.73;-7.69;38.55;221.6;-198.87;273.89;175.63;-7.02
46711046G;Martinai Nicolas Capdevila;Lleida;51;39924;904.12;-187.36;33.34;-23.96;478.92;-354.26;430.58;19.89;-415.68;-33.69;154.13
52274198A;Joan M Prados Sala;Gavà;56;36814;293.24;47.82;196.55;122.84;13.04;-20.88;50.78;243.49;-4.41
52915236E;Javier Pujadas Roman;Mataró;54;37774;594.7;138.06;334.51;67.39;91.05;-433.28;-151.14
44199534T;Jose Luis Serrano Lafuente;Granollers;47;47221;740.96;10.17;-4.1;498.61;-443.29;-47.77;-71.61;-89.28
43123212R;Jose Luis Reyes Tienda;Granollers;47;54939;10.6;-107.02;-52.34;71.87;-159.9;12.36;43.22
77739052P;Ferran Puig Flores;Badalona;44;35091;655.26;-91.85;-163.77;187.37;250.83;-121.77;312.09
43437392S;Gema Maria Esteban Santamaria;Figueres;54;32648;261.13;-1.03;130.84;-73.42;-269.84;-0.34;-353.62;-168.87;90.87;175.94;111.01
34069722T;Josep Guillem Artero Muñoz-Camacho;'L''Hospitalet De Llobregat';50;53004;463.48;-127.76;-67.02;246.7;-199.63;86.28;-17.09;125.94;242.32;165.64;-190.05
46665875Z;Damia Asensio Casasus;Girona;62;45224;252.09;410.81;28.48;35.29;249.73;-148.29;-138.44
38148503S;Augusto Atencia Montaner;Manresa;51;42093;144.72;52.98;-5.82;238.1;-1.21;-20.92;-20.97;127.72
38152845H;Eugenio Farras Lujan;Figueres;41;47308;105.66;99.13;98.98;191.87;-2.71;-33.82;-409.48
46239995S;Joan Francesc Fortes Badenas;Granollers;67;56285;349.83;31.4;-27.52;343.19;206.88;-118.37;-97.6;146.77
44020371J;Ignacio Galceran Rigo;Tarragona;60;55818;731.85;-56.17;-135.61;-112.33;5.77;138.23;41.78;-65.75;336.32
38097566L;Maria Guiteras Casas;Reus;52;31118;381.43;21.99;189.14;10.13;67.35;146.36;-52.66;253.32
46750234K;Ricardo Osuna Vilagran;Lleida;52;46333;670.8;62.33;-66.69;-18.15;-205.63;457.71;203.22
79280451U;Eudaldo Renom Oliver;Rubí;48;30899;904.03;-445.43;0.87;12.79;-58.03;101.39;0.73
47604284G;Roser Ubide Sanchez;'L''Hospitalet De Llobregat';53;54401;265.35;113.71;102.98;3.12;210.6;64.28;-111.13
46769330Y;Raül Carbo Camps;Tarragona;62;48195;188.44;170.47;91.33;-117.6;-207.69;158.97;-1.02
78083215R;Javier Carroza Llorca;Manresa;58;36714;464.75;96.92;-64.27;-55.39;488.74;114.61;-15.54;391.75;314.57
39341724G;Ana Belen Romagosa Parra;Mollet Del Vallès;59;47422;268.94;9.1;21.03;-58.99;326.4;-150.3;-171.56
44191002V;Rene Sabiote Figueras;Esplugues De Llobregat;59;49653;41.33;-316.68;31.21;84.95;-434.47;42.75;-164.73;-103.33
44184537Q;Jordi Xavier Vasco Ferre;Blanes;48;34231;914.73;-321.28;-55.79;184.03;-35.94;201.18;-125.74;26.23;231.2;7.81;231.98
36525540U;Ramona Alemany Rabano;Igualada;66;40310;792.53;-59.56;28.93;77.51;-63.23;-108.3;-221.95
38135906Y;Serafin Alicarte Santaugini;Mataró;57;42128;860.97;119.32;1.23;440.65;-326.21;-482.0;157.04
36521843R;Gustavo Adolfo Avila Bruguera;Cerdanyola Del Vallés;45;34986;228.15;313.12;-123.8;-38.94;232.39;-34.13;46.02;57.92;312.48;-73.27
46760954M;Francisco David Aymerich Font;Reus;50;43427;743.74;-197.15;-84.66;189.25;-153.67;-307.73;-112.9;-275.48;128.14;132.27
33968739Y;Josep M. Badia Blanch;Ripollet;40;49341;864.99;22.58;370.59;-5.08;82.44;-243.0;-293.33;158.38;-218.22;35.14;246.24
43681750H;Eudaldo Beltran Canal;Ripollet;64;39670;668.41;224.83;-61.9;27.84;-15.96;-17.92;65.67;-473.01
46772468O;Marcos Bitrian Molina;'L''Hospitalet De Llobregat';63;30510;897.95;-86.92;-143.2;329.55;53.57;78.46;241.63;139.21;-101.53
46701471A;Judit Cano Vullien;Terrassa;42;41067;248.16;-203.43;-88.99;-33.36;408.87;7.94;142.92;-26.1
52161064R;Alvar Cruz Arioni;Tarragona;57;52797;864.14;-43.53;42.54;-0.0;-147.15;22.39;-3.43;61.22;-70.09;-18.13;-195.67
46756403Y;Ester Gornes Ordoñez;Reus;44;50552;543.41;23.04;-211.25;89.97;-308.95;14.07;-11.24;-39.57;18.72;359.34;-434.19
52274151E;Isaias Hill Heras;Figueres;59;59885;51.11;-48.71;307.21;-167.38;-237.96;104.21;30.54
77114822T;Carles Huerta Barbany;Badalona;70;50478;876.35;-514.51;-32.56;134.54;23.04;-19.08;26.39;102.65;-66.46
44017475K;Carlos Miguel Linares Gargallo;Badalona;47;35825;851.92;145.22;-147.43;-222.6;13.31;371.0;-25.12;-25.55
77677430J;Jaume Llano Comin;Cerdanyola Del Vallés;53;50166;750.29;-10.0;-6.11;114.08;110.09;-389.4;408.22;399.06;54.7;40.43;-7.66
53083768F;Veronica Llinas Romero;Esplugues De Llobregat;67;34773;533.1;-310.68;-83.2;271.53;87.06;135.55;5.25;287.85
53061283T;Isaac Llobet Pages;Barcelona;58;45575;211.26;6.38;-40.74;19.06;-427.81;-132.0;-30.03
46665539T;Salvador Mara Lorenzo;'L''Hospitalet De Llobregat';41;46973;108.55;170.52;-349.55;-101.47;-76.0;0.12;134.66
43073237P;Francisco Javier Marco Letelier;Figueres;53;56829;84.1;46.2;75.5;-25.33;-2.95;-175.42;-96.38
46752428X;Julian Maza Aguila;Rubí;56;44396;164.1;-77.43;-1.06;-154.6;70.76;-14.61;82.5;13.78
36568124U;Mercedes Palou Monescillo;Reus;41;53500;342.29;128.3;7.51;-26.94;86.21;-5.41;153.68
47613937Z;Nuria Pellicer Heredia;Lleida;56;51120;127.95;-316.65;17.9;272.47;-21.66;289.04;-151.73;-190.23
39706891F;Esther Potau Fernandez;Tarragona;67;42290;772.34;-71.73;-84.94;84.94;84.35;543.26;1.92;-181.4;402.84;-42.01
52464306W;Maria Carmen Prieto Lecha;Barcelona;66;43307;794.77;459.51;-249.54;58.43;103.79;30.62;127.96;-20.42;336.68;-151.83
47614320Y;Victor Manuel Riera Micolau;Manresa;58;58587;408.61;-73.51;-64.31;35.62;214.78;451.4;490.97
38102576A;Margarita M¦ Robles Nespereira;Mataró;61;48752;601.85;141.7;-280.32;221.4;0.6;-7.4;205.25
46747545S;Roser Sacristan Almirall;Manresa;68;50151;292.47;-110.54;-3.64;40.27;22.67;-17.62;320.15;441.0
42870216Y;Susana Salada Blasco;Esplugues De Llobregat;56;49464;125.41;-18.27;-354.34;-73.78;-188.12;-244.44;46.45
38561225J;Joan Francesc Sanz Camarero;Igualada;54;42476;976.93;-149.12;122.65;-283.32;-185.48;135.78;207.78
46757796F;Francisco Torio La Cruz Alonso;Reus;57;30969;741.99;-375.43;197.33;138.74;-65.98;505.14;159.84
38838346A;Juan Ulldemolins Corral;Granollers;62;31289;888.17;-415.48;124.78;207.72;394.48;28.85;-228.63;-404.8;-102.63;-348.92
46790361L;Joan Valls Escriba;Manresa;56;51813;904.12;-283.8;237.28;481.95;54.32;-327.84;427.82;141.42;37.9;-214.18
40996014U;Miguel Angel Yaques Hernandez;Ripollet;56;57892;618.54;78.87;201.15;-108.32;165.63;134.15;10.82;-59.54;-96.17;239.77;-63.38
38119639Z;Carlos-Alberto Boada Perez;Ripollet;41;50830;148.86;-236.52;64.23;-274.16;138.46;66.35;-80.76;-58.58;-97.86;-477.03;-1.82
36525776G;Emilio Jose Cardete Blanquer;Esplugues De Llobregat;58;59633;412.65;6.63;-253.54;-34.96;25.86;147.93;-2.71
40994987U;Anna Maria Iglesias Cubi;Vic;54;48119;350.52;-131.89;-41.34;147.94;451.93;132.89;69.62;209.18;8.24
46742094Z;Jose Ma. Marquez Gallardo;Reus;68;30711;903.48;504.24;-9.84;-36.52;-47.28;-4.73;-291.13
39876560N;Pedro Angel Navalon Segura;Vic;55;31322;205.55;-130.9;73.59;-455.08;147.67;41.25;82.03;-132.48;-17.83;-233.31;-78.55
44187964W;Pedro Roberto Navarro Gomez;Blanes;49;55509;897.78;-70.79;117.09;-56.15;41.01;113.76;-270.22;206.91;-12.4;-213.45;-44.19
40441793E;Alicia Pascua Carreres;Blanes;58;34740;287.16;-163.16;-21.09;464.25;204.27;216.2;174.0
44015916R;Eva Maria Remola Puertolas;Granollers;57;46792;14.8;-247.53;131.66;5.64;-15.68;-100.08;8.48;-152.32;-45.28
78022583M;Emilia Carim Luque;Figueres;41;34338;402.2;321.1;-64.42;-35.66;-28.92;-17.71;-264.72;-119.57;-11.67;-92.25;-421.73
44012212P;Martinai Cortez Soronellas;Blanes;70;30302;892.47;-1.25;212.97;-29.93;486.27;-194.62;-4.98;-335.23;-414.35
38109771H;Jonathan Gomez Guasch;Igualada;70;41203;851.28;26.63;-161.82;49.93;-24.08;80.19;110.82;86.23;305.18
43539330A;Emilio Jose Monroy Egea;Gavà;67;40453;714.55;251.2;101.36;35.62;-127.32;209.32;-456.12
46684723Y;Ivan Ramirez Diez;Esplugues De Llobregat;46;36790;937.98;239.89;-14.89;-15.75;89.54;64.13;-65.7
46684433X;Jose Antonio Isern García;Reus;67;47711;21.93;92.52;9.98;-23.63;13.17;-15.96;-100.35;-231.95;168.32
53079525Q;Juan Pedro Rey Serret;Gavà;58;39329;53.23;553.53;133.03;-331.33;26.75;190.85;-165.9;144.42;30.46;-407.21;-57.71
46734396Y;Sergio Agusti Muñoz;Granollers;51;47576;450.41;-236.61;33.39;57.27;3.81;-1.01;-540.76;36.42;86.3
43444424E;Ruben Alonso Pellicer;Granollers;44;36525;61.24;-77.58;-369.33;54.69;-88.14;-9.92;161.71
43441235B;Maria Del Mar Barcelona Reguera;Terrassa;46;55486;166.68;465.71;-54.89;177.23;77.38;-138.46;-149.33;118.05;0.31;-21.84
36522867X;Juan Codina Toribio;Mollet Del Vallès;57;43660;284.25;10.69;-133.48;-38.21;42.47;69.94;-188.23;307.25;-99.4;-247.57
77114492Z;Paula Conesa Lara;Terrassa;60;51459;250.3;-176.98;-124.95;-48.28;128.21;172.45;-22.47
44014396F;Olivia Diaz Llamas;Reus;45;53948;453.86;67.1;-180.63;36.94;-289.55;52.27;-76.02;9.37;-413.3;-243.58
43092731N;Jesus Francisco Escoda Martinez;Badalona;44;50695;453.45;12.54;66.51;73.34;133.21;266.55;-179.32;10.86
46707995Z;Manuel Falco Castro;Mollet Del Vallès;68;40674;242.55;-36.72;121.91;-40.91;-231.45;-166.1;-31.46;-69.96;106.66;-40.1
52405008N;Joaquin Ferran Juan;Ripollet;57;53673;794.19;18.45;-113.54;164.21;-104.06;81.51;-108.77;93.1;29.11
38086915M;Esther Formenti Taboada;Figueres;54;50006;899.29;348.46;-168.89;-30.38;-110.52;280.88;-0.83;-13.75;145.16;-99.32;-417.5
52622217P;Martinai Gascon Boque;Terrassa;61;52148;683.84;-14.7;-273.04;52.99;-78.75;-90.55;-349.29;20.89;81.93;278.21
44191361F;Carlos Eduardo Gejo Font;Barcelona;65;58259;849.44;294.21;20.08;15.43;-151.92;-85.84;-74.0
43525919I;Carles Higueras Campos;Reus;50;35730;747.99;-235.64;-253.59;-38.6;173.49;22.82;-276.38;439.7;-38.69;217.28
47621346R;Ana Maria Hormigo Candial;Terrassa;68;36690;391.36;354.89;-261.45;-58.35;-19.75;51.72;-404.1;-237.3;22.7
40982711O;M Del Mar Ibañez De La Rosa;Esplugues De Llobregat;61;49475;386.39;-62.72;-96.12;9.17;176.89;-414.83;-240.89;174.04
41086283Z;Laia Izquierdo Curià;Tarragona;60;45419;610.6;122.71;173.04;-6.16;209.23;62.53;219.47;1.69
44010981F;Eva Jordan Mas;Mollet Del Vallès;45;59478;279.33;183.56;-271.35;-22.98;23.05;388.44;13.29;-213.75
33951867Q;Cristobal Jordi Vegas;Figueres;45;58202;815.78;-90.73;-184.95;108.9;-44.26;-312.05;-89.92
52159841B;Robert Madurga Cucharero;Manresa;70;43453;983.55;-44.78;-51.23;473.6;11.55;-55.07;-85.53;338.54;104.0
43506638U;Jose Manuel Merchante Hidalgo;Blanes;59;43707;836.96;-195.9;-250.23;-34.71;8.57;-3.51;-171.25;44.51;-31.48;447.69;-213.82
53122240O;Odin Mundet Roca;Girona;57;44826;460.92;-123.18;-74.7;120.41;-130.85;248.54;131.23;50.58
36981480L;Ana Maria Ortega Aldeguer;'L''Hospitalet De Llobregat';47;45111;992.97;-153.56;-64.4;113.66;115.67;71.92;-3.85;-10.92;1.19
46752162T;Miquel Pedret Oller;Granollers;61;51817;912.31;-16.74;-14.41;-32.77;-128.96;-41.35;-65.11;416.32
53073208O;Francisco Manuel Peguero Expósito;Manresa;45;43070;572.24;-33.32;-193.43;-32.74;105.32;-15.93;60.8;63.09;-169.53;-81.64;-130.12
44193787C;Diego Peral Suarez;Esplugues De Llobregat;43;55437;962.07;39.86;-58.61;-9.66;418.85;58.21;304.76;-56.97;-32.28;-52.01;-289.9
46805021Z;Pere Claver Piñero Ramos;Igualada;56;58859;690.42;36.45;-210.96;-160.59;-75.49;-147.99;23.61;2.66
46769329P;Elena Porras Dieguez;Cornellà Del Llobregat;65;57160;694.4;-18.91;13.87;-5.58;-29.42;-42.89;-102.66
46060536E;Juan Jesus Puigderrajols Cruañas;Vic;53;47928;789.24;31.82;-127.87;2.49;-2.42;164.6;-287.81;305.15;-169.31
38144557O;Esperanza Macare Reina Congost;Esplugues De Llobregat;53;36512;631.93;-48.88;-84.58;-11.78;492.52;-159.17;-379.11;-180.33
40993511J;Felix Saltiveri Lazcano;Vic;70;33311;355.95;94.56;-15.43;20.15;13.46;-337.27;-405.56;-86.45;-56.94;98.68
38133452E;Jose Antonio Sancho Vera;Mollet Del Vallès;62;41052;668.1;11.7;88.46;-1.64;146.12;476.05;-4.74
38452186Y;Fernando Sole Alcover;Granollers;56;42483;190.51;263.35;-264.68;216.05;103.03;-356.44;-100.78;-292.4;-194.73;70.92
38840398U;Josep Guillem Solà Llovera;Girona;61;57992;56.6;145.63;-18.45;-164.93;275.55;501.42;-125.21;-105.23
46049578I;Victor Taronger Valles;'L''Hospitalet De Llobregat';50;36494;920.55;-183.18;-83.83;-6.57;-487.5;-30.34;271.29
43444267T;Josep Tornay Morey;Girona;43;56566;887.18;-56.39;-180.1;-543.24;-47.07;538.71;95.06;-73.5;57.59;258.54;10.64
40446235Z;Alberto Torrero Noval;Manresa;40;47261;969.78;5.35;30.67;23.46;52.69;308.53;-172.35
46562948Y;German Valles Masip;Terrassa;52;45506;303.42;457.1;-70.09;-14.02;-504.85;-63.26;-170.11
38151800B;Mara Ventura Coll;Cerdanyola Del Vallés;61;33128;247.95;-4.93;-38.16;50.02;361.29;-327.97;38.08
43440627I;Ricard Alegre Trepat;Lleida;46;34312;808.65;123.49;24.38;-221.54;-98.34;-18.77;-45.56
43516871T;Noemi Fins Carlon;Vic;68;53400;169.33;399.89;-0.1;-53.78;-179.01;-293.49;-114.04
44175724X;Benito Lloret Candelas;Mataró;48;34235;797.5;-33.37;137.05;-183.24;222.15;-60.43;109.04;-243.4;59.43
44020445N;Gustavo Priego Roviro;Gavà;47;50170;591.2;26.03;14.23;16.8;-456.42;-235.65;100.26;-277.17
77613115R;Carlos-Alberto Casas Marquina;Girona;64;36213;766.07;-244.52;142.29;136.06;-26.22;452.89;-260.67;-321.53;35.07;-100.53;22.25
40994776S;Alvaro Daunis Puerto;Girona;59;45340;491.37;-75.82;-21.96;-118.45;-297.24;-3.99;195.16;169.39
46239344Q;Aleix Fuste Salvat;Mataró;54;40598;933.17;103.18;-10.51;-81.98;11.15;24.53;-40.01;-29.46;-273.34
52462960C;Albert Grilo Sancho;Vic;47;55287;972.68;-184.74;-360.46;-28.52;-159.95;-107.66;-127.53;-195.33;-32.86;-368.09;-481.92
18224803V;Joan Carles Nadal Borrajo;Badalona;60;41215;27.1;-290.37;288.05;12.43;-373.75;-130.51;34.25;48.78;181.1;309.66
46232644C;Alvaro Narbona Roda;Blanes;63;44303;537.38;-160.47;102.89;-268.99;8.06;-7.9;-421.25;280.03;127.14;-96.19
46599493S;Odin Porcet Gavara;Tarragona;65;33175;131.31;-193.34;42.52;23.59;11.46;-18.94;153.43;142.38;-299.44
52606267T;Laia Royo Vera;Lleida;51;38232;598.78;-111.1;-187.42;-198.45;44.2;99.09;-418.56;-372.71;42.09;-2.61;63.51
46062552O;Antonio Manuel Gimenez Planells;Terrassa;62;51625;494.56;388.5;-309.01;119.07;139.61;-1.52;2.79;377.82;352.46;-198.56
37337277J;Carolina Grimalt Torrecillas;Vic;61;59026;657.12;-134.89;29.46;132.26;-13.37;-86.56;49.4
44012402S;Ignasi Ortiz Gelpi;Cornellà Del Llobregat;68;31460;374.74;95.48;46.75;-403.22;9.19;-82.68;-91.53;261.36;-404.89
46608615R;Antonio Javier Damunt Paules;Mataró;43;56403;745.89;-172.18;303.22;243.4;-4.65;256.03;-20.5;-184.17;-295.6;-6.78;38.51
33943461J;Cristobal Andreu Andreu;Vic;70;50657;170.87;-207.32;126.93;218.11;126.33;161.2;-423.73;-43.1;31.45;252.17;-100.93
77475991B;Manuel Armengol Aymerich;Tarragona;43;53465;975.71;-407.65;0.86;71.36;-40.46;-167.88;-285.49;-50.91;-274.61
78089956B;Francisco Manuel Baena Rojas;Cornellà Del Llobregat;62;49889;449.87;-525.58;24.05;-165.08;-230.51;75.58;20.12;319.14;145.25;-499.04;-17.81
44191008O;Montserrat Calderer De Pablo;Mollet Del Vallès;54;43803;612.94;0.56;154.95;-129.55;-245.51;193.89;-0.24;0.79;-379.64;-13.75
43626437V;Maria Angeles Campamento Sabate;Barcelona;45;50329;759.99;-279.81;-199.81;-192.41;27.63;-57.25;-452.27;367.29
44014973J;Justin Cavero Espantoso;Figueres;48;56193;247.03;-87.6;177.0;-0.64;-4.77;-403.26;-437.68;244.46;-297.86
33948810T;Carles Cid Vega;Igualada;61;33846;316.69;-129.93;-116.79;126.88;188.78;25.32;-269.57;-44.57
46745727Y;Judith Colombi Esteban;Terrassa;68;54408;78.76;144.15;6.84;-257.53;-197.39;-15.13;536.81;-64.87
44015562X;Olga Escudero Piris;Reus;48;56917;97.71;-266.4;109.81;365.12;210.76;187.64;200.31;-283.99;-113.81
36521650B;Pedro Marcial Farrero Abellan;Mollet Del Vallès;41;51075;923.37;-149.28;42.73;-416.14;239.97;39.53;-269.22;-87.97;-223.16;270.12
38136664M;Jose Jesus Imbernon Fuentes;Girona;50;52181;104.93;54.16;73.88;-64.64;-117.78;-167.53;-256.25;57.87;-453.07
46701284P;Miquel Francesc Maldonado Mateo;Granollers;45;45042;272.59;129.22;-27.36;-135.79;123.95;-5.88;508.0;397.1
46696327L;Joan Mari Mendo;Vic;53;49927;50.97;45.35;324.89;-14.81;134.54;250.52;1.08;-93.04
52466567E;Emilio Marti Tarrago;Vic;44;31717;465.2;320.37;15.54;378.21;41.37;-71.63;105.26;560.86;138.09;150.05
46747835C;Ana Medina Mata;Girona;41;59610;258.28;230.18;83.67;-510.68;-59.19;45.69;229.91;-182.84;74.37;66.88;158.17
38124294E;Gerard Paradell Tolos;Rubí;62;34539;508.45;83.94;172.78;79.47;13.08;65.14;-92.72;58.4;355.23
44193952J;Maria Rosa Piccardo Rodrigo;Igualada;60;54131;846.04;14.62;71.64;-4.16;-74.13;-94.27;1.0;-115.04;-342.93
44188393L;Jorge Pinos Arqueros;Cornellà Del Llobregat;60;59164;336.58;142.61;-1.76;55.94;-178.71;-34.76;170.43;229.23;8.32
46750047I;Ruben Prades Picazo;Reus;49;58257;841.32;-264.49;248.51;1.53;330.68;275.16;-28.37
44017474D;Kenneth Prats Araez;Figueres;63;36718;21.64;241.97;314.64;-149.74;-111.63;62.15;-266.04;-116.57;-230.97;47.78
46674301H;Alfonso Jose Rabert Carrasco;Reus;65;32312;813.49;-113.24;-21.79;-151.99;118.3;-125.98;1.0;-142.75;9.82
41461366R;Damia Sarmiento Galera;'L''Hospitalet De Llobregat';64;31507;936.9;-68.28;69.83;433.34;14.85;85.55;251.27;3.79;83.45;97.09;-102.31
38453432B;Nuria Simarro Queralt;Cerdanyola Del Vallés;68;42871;846.66;247.16;189.94;-85.31;217.09;295.45;136.62
38121042R;Martí Soler Salvador;Mataró;56;55730;545.0;295.31;410.31;453.65;-319.62;563.73;-153.95;53.79;102.43;105.81
44197613S;Josep Tagarro Pintor;'L''Hospitalet De Llobregat';50;48357;775.22;-10.31;-0.71;317.26;-109.3;-0.28;-37.25;-240.74;33.98;18.98;427.81
41095990P;Pilar Tellez De La Cruz;'L''Hospitalet De Llobregat';53;59673;316.36;39.38;216.74;39.27;65.17;-48.32;-29.46;-431.08;-34.4
38137150R;Pedro Luis Alujas Pena;Vic;42;33004;232.47;71.78;-36.6;137.0;-97.38;396.78;-296.04;251.9;-454.87;148.11;-517.66
38151205C;Luis Alberto Argudo Marquez;Reus;56;49024;760.91;-31.39;-502.63;19.54;59.52;-51.76;-90.19;79.67
44014726F;Jorge Bages Leon;Esplugues De Llobregat;51;48800;273.7;-422.5;57.79;13.31;-120.87;24.75;-10.78
45544115U;Juan Pablo Gallardo Teres;Terrassa;48;45638;82.81;-167.28;-231.58;147.62;-13.36;-25.49;327.75;24.14;12.29;-200.41;-50.92
53065975A;Ainoha Gauxax Landeira;Esplugues De Llobregat;66;54206;477.72;391.84;-416.1;0.37;-263.4;195.54;-83.2;-107.64;118.93;313.4;-27.64
36521674P;Oscar Daniel Giner Las Heras Saez;Manresa;63;55663;398.23;-18.82;-40.94;231.68;0.54;-180.8;-365.93;110.99;92.69
52461335B;Pablo Gual Benet;Mataró;46;47424;926.08;-95.46;47.86;7.53;59.78;36.46;33.16;-95.16
46238903U;Ricard Guardia Nierga;Mataró;57;52232;371.71;273.49;17.65;-16.79;1.06;-2.93;5.32
46760503J;Eva Maria Guirao Olivella;Lleida;42;40024;368.28;66.35;135.65;2.65;-179.97;-125.36;-96.1;19.4
52603587V;Meritxell Moran Agüero;Cerdanyola Del Vallés;65;43171;116.96;135.32;219.11;-470.15;-93.78;184.91;-21.2;-204.66
40995877F;.Felipe Morraja Cullell;Vic;56;46668;21.97;-186.15;-29.59;-162.65;-260.73;11.43;-5.43
52626041V;Antonio Manuel Notario Luque;Badalona;43;34430;385.19;-248.06;-118.24;-283.38;275.14;-63.75;53.32;-31.61
46142657J;Sonia Nuñez Esteve;Mataró;50;48242;430.61;-283.93;-11.01;144.14;178.0;22.55;255.25;2.78
33922531Z;Odin Otero Aiz;Terrassa;41;32903;389.76;-136.64;67.86;-45.01;-158.37;-304.53;108.8;243.82;-159.27
38830204Q;Jordi Peix Saez;'L''Hospitalet De Llobregat';68;46788;834.27;508.83;-208.63;-24.69;-28.04;-153.74;164.38;-193.15
45480254X;Raul Pineda Lloret;Cerdanyola Del Vallés;47;52213;92.71;166.11;26.39;-422.47;-235.82;1.93;30.64;22.08;30.53;-123.88;-322.33
44176835E;Francesc Pozo Fontserè;Tarragona;53;39266;347.33;-86.46;-205.28;274.3;-174.8;33.13;-68.17;404.46;82.19
45097785S;Roberto Javier Rosello Molas;Mataró;47;54190;343.81;-332.94;116.79;-79.24;53.73;-20.86;-11.67;40.78;-123.45;-106.36
53071815T; Manuel Alejand. Solernou Escrig;Mollet Del Vallès;67;54167;366.79;147.37;-352.83;58.44;-120.59;-6.92;94.38;138.31;-194.75;-3.33;-224.68
46810317O;Veronica Vega Sugrañes;Terrassa;58;42436;981.07;314.58;-503.3;189.0;-126.7;303.76;186.2;120.08;-477.89;4.83;229.68
46768267T;Roser Vivas Mas;Rubí;68;55420;245.26;273.94;201.97;-13.94;26.6;11.96;-40.07;97.71;-294.57;248.33
77834279W;Alicia Barea Camara;Terrassa;45;53116;515.03;-13.11;43.35;-449.36;130.35;95.94;-5.92;-146.65;79.4
77631649F;Gustavo Adolfo Baro Erustes;Blanes;42;52705;347.37;234.44;-82.46;492.8;-533.78;109.34;122.94;457.87;220.87;-142.86;184.36
37691926D; Manuel Alejand. Cancio Chimeno;Figueres;69;37194;39.2;101.23;440.7;183.4;141.21;88.58;-14.59;249.41;-130.56;122.76;168.16
73389394F;Ana Farre Gordo;Tarragona;45;59788;880.45;-198.33;-40.51;-47.17;88.91;51.1;-72.05
46353021S;Sergio Ferreiro Soriano;Badalona;42;48257;745.81;-393.57;356.88;109.1;33.09;80.32;13.15;71.58;-10.17
46674992D;Jorge Jose Ferrer Villamide;Igualada;66;42838;20.56;169.45;-190.88;-166.75;215.02;63.04;-92.15;-282.33;-71.82;117.8
46771032V;Jorge Alejandro Machta Catalan;Ripollet;43;31254;102.27;-203.29;-34.39;-68.59;56.92;-60.98;86.86;-501.63;69.24
37328880X;Hector Jose Masoliver Ubiaga;Mollet Del Vallès;69;45345;524.69;-263.52;-363.15;59.1;400.13;22.56;-29.03;38.95
36519435U;Francesc Xavier Mengual Giraldez;Cornellà Del Llobregat;43;57931;377.77;128.09;389.65;-214.33;-224.49;-80.22;-10.49;-92.23;494.4;-248.76;65.6
43526428S;Jose Alfredo Nin Poveda;Ripollet;45;36733;585.8;-14.6;-50.93;-128.02;-12.92;74.89;65.63;52.38;-58.28;344.45
77630197B;Ana Isabel Pagès Vicario;Blanes;44;40717;429.33;-19.13;28.06;-198.74;432.98;136.56;153.4
46701912F;Pedro Marcial Pesquer Meyer;Badalona;62;49641;862.59;-78.89;248.74;11.17;-334.23;-6.18;-370.78;389.37;-9.35
46666996L;Ricardo Pinadero Nistal;Granollers;41;40785;707.32;145.01;219.71;-37.98;-119.89;108.29;-196.89;-423.99
47612669H;Eric Planella Roig;Figueres;61;40952;989.82;-352.28;-385.32;23.43;-121.92;38.72;250.74;24.44;-40.84
52625240P;Claudia Quiñones Polaina;Cerdanyola Del Vallés;62;49622;781.69;-23.74;162.15;34.96;-195.35;60.62;-63.9
37387869P;Xifre Rodrigo Conejero;Gavà;43;58715;534.39;-106.67;-483.52;-382.72;-80.8;-93.81;257.93;-55.67;-106.03;19.89;45.49
36526254P;Gustavo Adolfo Rojo Burdallo;Igualada;44;44104;759.91;52.74;28.04;-35.07;-160.43;59.34;-164.76;-297.65
46351729M;Cristian Valera Sola;Granollers;44;51915;825.55;27.0;42.14;163.7;-376.97;-12.46;-233.38;90.0;69.62;-73.12;148.87
46702469A;Simon Baños Agusti;Gavà;64;45520;451.95;1.25;-63.01;-9.52;31.71;397.99;-19.52
46746934U;Meritxell Daude Pastoret;Badalona;67;36579;850.57;52.34;-19.4;-510.68;-155.39;358.74;-409.13;45.03;-348.39;-195.04;-451.01
46768258U;Vanessa Guillem Navarro;Manresa;69;39497;8.64;-337.04;87.75;-8.88;6.96;-580.74;-125.41;311.64;-82.18;-476.92;-68.25
46765444U;Ana M Milian Gracia Cubilla;Mataró;65;38221;504.77;402.52;17.59;-62.53;97.52;-41.56;-134.11;-186.45;-86.12
38830089F;Juan Manuel Peña Ortega;Barcelona;69;35893;543.32;-220.98;-73.2;-88.04;-81.45;30.87;111.57;32.6;192.26;-41.35
52141244W;Rafael Criado Gallego;Barcelona;70;47073;845.74;-368.89;76.48;-10.27;47.65;1.12;-0.21;346.49;-365.91;-66.88;-167.37
53071764Y;Pedro Angel Perello Mateo;Barcelona;64;37640;105.31;467.11;93.25;-28.12;-70.07;30.57;20.49
38130878Z;Hector Bautista Pire;Tarragona;50;38243;792.19;-40.17;88.83;515.95;-36.07;-16.04;-339.32;-232.11;-586.7
43734489F;Raimon Escuredo Duran;Igualada;55;40123;693.34;-140.69;-150.36;28.95;78.11;151.46;33.08;-102.55;-70.41;95.84;68.93
44192165S;Francisco Manuel Melendo Escudero;Reus;65;51383;781.57;32.49;-124.02;-245.66;57.16;25.6;515.51;430.84;-32.68;58.49
47615434K;Xavier Pazo Rivas;Igualada;43;35065;621.08;350.65;-1.22;-7.07;115.11;-447.18;-85.71;48.83;79.92
46349542O;Andres Bernat Olmedillas;Esplugues De Llobregat;49;46910;136.94;-71.51;-140.04;-558.33;-114.94;427.15;-99.8
43119794N;Lluis Cuadrado Douton;Tarragona;59;38165;478.37;181.07;-105.71;83.21;562.45;-391.26;-38.94;260.5;53.25
53080428X;José Miguel Silvestre Rosell;Mollet Del Vallès;69;52450;949.38;-27.26;341.75;259.7;325.49;-420.63;-3.91;172.69;281.83;-404.89;-187.76
44021182L;Neus Elbal Mañoso;Terrassa;61;44446;930.44;9.0;29.15;59.42;-7.45;-151.03;-215.78;-198.0;266.57
47631647U;Gabriel Guinovart Rubio;Esplugues De Llobregat;67;57480;131.25;-139.56;-39.87;-345.13;-394.12;201.15;227.13;214.06;288.88;-117.71;-263.02
77615707T;Marco Sans Baracco;Mollet Del Vallès;60;48392;143.17;70.7;144.28;447.16;-30.5;28.27;-49.83;114.88
77912099N;Juan Jesus Sauras Santos;Granollers;47;33306;582.77;390.06;-21.35;317.33;-15.85;-77.41;-121.87;-15.29;287.2;-204.16;-119.85
46819325R;Paula Verdugo Zaldivar;Cornellà Del Llobregat;54;33359;405.28;-62.93;55.82;62.76;329.63;-89.76;78.85;220.19;-5.55;29.36
77630162N;Jesús Horcajada Castillon;'L''Hospitalet De Llobregat';55;31355;884.25;-434.47;-294.12;195.97;23.68;66.61;-63.84;386.34;9.79;-74.7
44023178W;Isaac Aguilo Rocadembosch;Reus;67;40771;872.62;-336.48;-53.95;-14.26;-198.31;203.46;-120.46;30.87;-206.07;37.36
40998619Y;Ivan Balleste Gregori;Rubí;68;34545;693.33;-426.99;-1.13;364.52;0.86;-157.8;222.13;70.43;2.46;8.91;19.57
38837313A;Francisco Javier Bertran Reyna;Tarragona;60;38383;497.35;8.31;-169.59;-229.02;75.13;-342.65;200.94;-227.41;-189.45;135.07
47603932A;Laura Brocal Ferrer;Terrassa;56;36084;115.98;277.5;-329.45;169.36;-180.07;-14.24;-3.06;39.24;-13.05;6.52;1.82
46765784I;Cristina Camprubi Manero;Vic;65;39161;518.15;-168.48;-166.87;189.37;-153.34;70.72;348.01
46063505N;Eugenio Carranza Urbina;Cerdanyola Del Vallés;40;36028;236.57;421.53;-0.97;305.89;-450.64;227.63;441.31;0.0;-197.18;-122.36;-305.64
43535498H;Cristian Juan Chaparro;'L''Hospitalet De Llobregat';42;50565;542.39;-221.66;12.55;-51.44;-267.16;-184.43;-243.08;-123.46;-49.35;223.33;399.46
53077779A; Manuel Alejand. Lago Bitria;Reus;54;52109;104.49;22.03;58.24;6.61;195.0;231.26;-30.38
38842207Z;Xifre Macia Baldo;Granollers;54;49025;152.08;197.43;262.89;129.57;-315.53;-129.51;-249.71;183.32
43521605Q;Jesus Raul Oliva Vila;Barcelona;49;48046;345.31;153.37;20.32;-324.83;-119.92;-261.12;412.4;-102.76;-127.44
44197305C;Jose Portero Rebollo;Ripollet;61;55693;860.59;8.77;2.28;-362.06;-396.02;-84.62;383.46
77916212Y;Eva Maria Puyalto Bernardino;Gavà;49;43896;369.83;149.55;247.58;302.45;73.67;241.31;67.24;18.47;-137.39
36519220E;Aleix Roma Monge;Cerdanyola Del Vallés;41;32747;510.81;-278.77;361.6;58.65;155.88;-100.83;-2.15;-79.42;213.48;181.74
43538808N;Josep M. Sangra Amo Murcientes;Barcelona;56;37861;527.16;251.56;436.16;-235.38;40.43;-64.48;-114.52;-147.1;11.83;-65.79;-496.46
52277965K;Elena Almagro Abizanda;Ripollet;66;41059;538.93;-24.05;-92.63;373.26;35.44;174.02;-309.35;278.55;-15.75
41460677Q;Felix Astorga Caballero;Tarragona;62;49316;254.44;94.48;-19.77;170.08;-386.19;285.29;-7.14
43698546C;Ismael Ballarin Castillo;Badalona;49;37623;621.86;3.31;-383.52;276.62;137.26;-258.5;37.75;-127.69;26.43;345.59;14.57
40992278F;Alvaro Bayarri Pavon;Blanes;48;50179;61.3;-0.44;-113.84;-0.89;100.07;251.19;231.02;443.26;4.52;-26.09
44181392U;Juan David Bonet Artes;Igualada;62;36149;963.73;-129.81;-23.82;213.89;-5.93;159.39;68.15
44196749Z;Anna Borrell Canalda;'L''Hospitalet De Llobregat';56;48646;571.97;-115.55;57.75;-77.44;-345.24;-72.94;-60.8;5.44
46677825I;Cesar Boter Noguera;Vic;61;42502;791.67;-263.25;17.11;7.32;-461.29;-144.36;-88.41;-59.22
46706663J;Edgar Caimons Sereno;Manresa;54;58728;872.56;64.96;-450.47;160.56;-163.11;81.82;307.2;-52.09
46687478H;Jordi Xavier Curriu Cunill;Blanes;68;58121;796.83;214.78;23.99;93.75;29.05;-54.86;203.04;29.47
46754150H;Gemma Del Peret;'L''Hospitalet De Llobregat';54;38486;31.67;-259.78;-41.71;161.41;9.14;1.03;226.67;37.69;9.99;-57.03
44194268Z;Miquel Francesc Deumal Minchon;Rubí;57;47919;367.55;247.31;-349.97;-165.2;-187.21;279.6;-7.47;-29.16;59.92;14.59;28.52
46750671A;Ricard Gago Gispert;Mollet Del Vallès;57;57782;341.43;217.99;13.19;-9.28;204.04;-20.6;28.33;315.55
45487444O;Juan David Garre Ontiveros;Figueres;59;33454;323.64;-341.83;-3.31;-243.39;6.88;448.67;-220.76;-269.07
78210713N;Sergio Jose Grogues Balboa;Mataró;54;48572;178.13;-193.67;186.5;6.33;232.5;182.77;265.8
43447035P;M Del Mar Guallo Aglio;Granollers;64;52122;143.16;-477.63;-361.29;5.34;6.45;-115.92;12.48;-205.0;-99.06;-352.7;96.75
43537184D;Jose Jacinto Guasch Cruz;Lleida;48;43171;856.63;-32.39;284.69;305.65;-53.06;29.49;-375.65;7.95;46.92
46768320R;Jesus Camilo Heras Palazuelos;Barcelona;41;55903;291.55;-76.35;197.42;-136.11;-264.74;18.46;-490.15;-509.16;-268.16
43437232I;M Del Mar Lainez Alot;Ripollet;65;46766;129.6;-203.52;47.82;138.45;128.76;508.35;256.37;24.65;162.23;59.27;-218.53
53080855T;Juan Ramon Leandro Soria;Cerdanyola Del Vallés;58;54483;587.39;193.61;133.2;173.1;41.61;-9.59;-109.14;210.81;237.31
37377714E;Maria Del Mar Mateo Pastor;Cornellà Del Llobregat;54;49020;716.35;-1.92;53.66;26.56;177.82;42.83;-84.92;-94.75
14268347X;Eva Oca Carmona;Girona;43;50110;88.63;-11.67;-170.25;58.56;-66.72;-38.38;263.63
45494808U;Gerard Olea Iglesias;Barcelona;44;39569;641.47;-555.73;-6.95;-20.49;-506.94;-169.32;34.46
46706570P;Carlos Miguel Olmedo Tirado;Barcelona;40;33725;115.8;25.34;-366.66;330.24;158.86;45.31;45.88
46064191L;Gustavo Adolfo Querido Ledesma;Badalona;62;45049;453.35;46.24;450.04;40.71;222.33;-186.54;208.84;-107.06;435.96;46.05
53071848O;Luis Alberto Regaño Vidondo;Rubí;40;59826;120.29;0.78;-103.31;-223.27;243.78;-31.4;207.43;165.54;240.71
46766830V;Ernesto Rivas Muriel;Terrassa;59;35702;858.64;-34.19;49.64;-32.07;433.73;0.25;345.94;227.13;15.06;244.8;89.83
38151418U;Eloy Saborit Salcedo;Lleida;63;39871;123.1;13.31;4.12;298.82;133.58;-175.16;-67.16;165.01;-97.93;55.79
46727065O;Gustavo Adolfo Segado Sales;Granollers;47;38995;979.02;204.93;314.48;-92.99;-407.77;-230.59;52.47;50.7;25.09;157.08
44011637L;Jorge Alejandro Silvente Ferran;Ripollet;57;43334;950.67;-86.14;-8.93;157.64;-343.34;25.02;75.04;-181.57
38102294A;Josep Guillem Tinoco Barbera;Rubí;64;44206;84.95;309.13;-58.57;-421.93;-114.77;-106.06;95.81;1.05;-142.4;120.95
52626637O;Gema Tobias Comeras;Lleida;49;52417;49.52;-232.63;-373.71;425.42;-82.63;-72.5;146.2;-130.48;392.01;-61.55
53082946B;Jorge Pedro Tomas I Pons;Reus;63;54761;773.67;-304.01;445.81;304.86;78.64;-31.9;232.17;-90.64;308.75;183.09
53060429C;Sergio Jose Vilchez Pareja;Reus;56;57591;884.32;-209.04;-64.57;-397.5;158.83;419.76;-92.26
45490737D;Juan Pedro Villanueva Punti;Reus;43;59384;657.43;-5.41;-69.08;7.6;336.15;31.32;190.93;288.69;-2.74
44013177F;Silvia Villote Vegara;Manresa;43;52778;962.31;-105.4;28.42;87.64;66.91;-216.83;-17.5;26.86;6.46;144.95;-23.41
46059223S;Robert Acosta Guijarro;Blanes;43;42845;167.33;34.74;7.31;74.04;-117.54;-134.65;-29.56;41.11;253.97;-15.34;-234.67
77612350Y;Mara Cervello Belzunce;Gavà;67;50846;562.12;87.8;325.95;-451.72;47.87;-48.35;-526.75;509.55;-74.1;20.3;-317.81
46705107B;Ana Gema Coronado Pujabet;Blanes;44;35813;384.78;72.92;171.78;-7.22;-199.95;12.76;-2.47;-66.74;43.35
39359375J;Francisco Javir Rovira Martorell;Figueres;63;55924;720.48;0.71;13.75;-484.31;-31.41;165.46;368.19;112.75;-15.16;60.32;2.8
46577929N;Francisco Manuel Comabella Vargas;Rubí;48;50066;779.04;5.13;-73.34;336.42;160.4;-7.58;-52.67;89.78;-62.2
35110108H;Maria Cristina Gimeno Santin;Tarragona;61;57585;709.44;-263.53;87.21;222.36;-346.2;217.37;400.36
52277495X; Eva María Marin Montero;Mataró;43;57999;783.14;-5.02;-10.07;-3.7;-260.83;-133.66;-23.95
33969939T;Juan Puy Cebrian;Lleida;51;44428;877.48;-340.77;-103.24;-20.12;294.89;-118.63;-180.19;-126.88
43626606H;Isabel Reverte Sobre;Cerdanyola Del Vallés;65;53498;379.48;233.4;230.97;206.39;175.48;-258.62;577.77;89.86;77.92;6.41;194.98
53063787O;Luis Antonio Ricart Orger;Igualada;42;46261;356.85;18.33;115.32;-8.27;-209.54;207.17;-425.86;-51.32;28.29;-331.92;71.7
43445421K;Odin Toribio Cavero;Badalona;56;44024;658.25;-338.13;157.8;106.46;38.88;83.09;26.13
53071834S;Monica Benito Enriquez;Granollers;51;59026;733.76;12.38;-206.16;461.59;24.11;83.97;-272.47;-10.37;277.6;-113.98
34755892L;Salvador Esturo Boix;Mollet Del Vallès;63;38688;382.75;191.16;64.87;-21.68;325.3;-201.11;-245.59;0.97;374.57;-76.47;276.47
44189676E;Juan Carlos García Barón;Manresa;58;47708;92.67;-303.41;-77.16;118.23;121.07;-202.63;-322.02;173.29
43529966H;Maria Del Mar González Lupiañez;Mollet Del Vallès;41;36221;89.33;330.84;-2.67;-63.62;565.62;163.83;58.42;-175.46
11437872R;Tomas Mur Trigueros;Manresa;61;33073;293.39;224.09;-138.43;-71.05;-72.57;491.49;252.15;150.05;-164.74
52278669B;Damia Palomino Valls;Tarragona;66;32489;754.36;36.87;-185.47;196.03;303.76;-132.98;-4.01;124.89
39729653B;Francisco Javier Pont Freixinet;Figueres;70;40098;294.13;204.18;77.68;-132.09;-216.91;166.15;-30.25
46064329U;Santiago Canet Solé;Lleida;67;48285;832.06;137.73;-14.41;133.77;335.34;-0.19;-38.64;9.65;94.07;93.15;2.59
37382020E;Gabriel Cervilla Arribas;Gavà;59;35910;502.16;-31.33;-9.14;94.27;216.13;42.12;-125.57;9.24
44180437V;Celia Jaen Nadal;Manresa;42;34746;968.81;135.14;-377.36;301.79;-61.33;162.99;-117.11
40983405L;Sandra Martí Montero;Reus;48;59365;233.42;-21.25;-43.78;-87.73;178.96;226.03;-193.98;-4.79;-55.93;-245.59
47640655C;Neus Mas Richarte;Ripollet;52;39941;116.54;443.35;-165.26;-147.63;13.97;-151.08;85.05;207.01;245.41
36526671A;Eva Moral González;Vic;61;37631;850.91;48.3;68.16;101.87;-54.21;-126.07;356.38;-263.37;-15.98
46771133W;Joaquin Pascual Rojas;Esplugues De Llobregat;56;31112;289.5;-115.97;-90.26;-26.93;3.13;160.59;-67.04;215.19
35568695Y;Maria Teresa Solé Cerrillo;Girona;48;41873;180.81;483.98;58.44;-59.62;-34.16;508.83;-259.77;-35.78
33954082I;German Vicente Calbo;Granollers;50;41045;794.61;71.27;173.44;161.13;-128.01;20.49;106.31;-28.14;-237.72;-192.21;-33.66
53072443S;Olga Rosas I Mallofre;Lleida;56;50276;790.43;5.98;-8.51;35.54;-370.44;-109.1;-56.92;-56.03
46054813G;Alejandra Fonoll Freile;Mataró;51;53937;636.72;10.28;-243.8;-319.62;116.83;67.85;-18.14;135.93;103.43
44020994Q;Antonio Javier Roche Jurado;Badalona;52;36917;294.95;76.72;-105.9;98.52;131.42;253.45;-37.39;-171.79;407.66;72.47
52275804V;Hector Jose Calvo I Perxas;Mataró;62;56136;756.6;-87.1;-87.94;102.28;212.55;-46.72;-183.94;371.24;440.23;-36.99;-85.24
38118849D;Eduardo Cañabate Marti;Manresa;45;36203;289.25;227.37;-56.11;-45.88;-244.6;-7.27;-17.21;-176.96;-108.4;-155.32
53026154U;Rita Montes Parellada;Badalona;44;54157;488.5;-213.63;125.15;72.29;171.4;142.11;131.82;134.73;-12.46;-162.24
46810653E;Alicia Pijoan Yunquera;Mataró;51;54296;419.51;-400.15;-30.4;97.91;45.69;332.22;-106.21;-312.64;294.37;18.13;-180.89
46790841B;Diego Sola Junqueras;Reus;50;35553;485.52;59.91;-68.31;20.69;1.76;-29.27;-367.21;-0.35
77612322S;Raul Arrebola Pasto;Rubí;59;37667;544.66;-0.58;-32.2;-34.45;-392.1;-2.92;-101.78
44014715U;Raül Manzano Serrano;Barcelona;42;46424;474.9;5.47;5.13;71.92;94.34;-91.8;262.63;-85.26;380.64
39883203I;Francesc Peralta Gregorio;Blanes;67;49479;154.47;-85.4;264.04;220.19;13.18;-125.81;49.29;312.71;6.27
46060726I;Ricardo Agrelo Suarez;Manresa;66;31597;432.11;2.39;14.42;34.33;268.49;-561.34;-98.67;1.72;-220.64;10.56;188.79
44184722T;Carmen Camara Cairols;Badalona;45;36264;498.94;-8.1;-68.86;64.56;-88.39;-255.63;353.86;115.01;71.94;80.92;100.3
46703450H;Maria Rosario Junyent Bayo;Blanes;60;45607;284.88;2.85;-204.35;-150.8;431.28;524.5;219.96
43740522H;Luis Montero Regueira;Mataró;60;32563;841.12;-321.92;98.02;-13.8;121.83;348.37;-161.1;-17.89
46136956M;Angel Roura Fortuny;Cornellà Del Llobregat;51;56387;391.65;415.77;-79.69;217.62;44.19;305.57;-19.78;-374.83;-277.53;-214.62;196.42
46771124S;Gustavo Adolfo Balaña Morales;Badalona;50;52994;65.38;321.93;96.95;193.45;-126.98;-51.84;-441.25;53.16;-396.05
78087906U;Raul Cuerpo Maso;Cerdanyola Del Vallés;69;35087;519.66;138.23;-153.56;6.04;-160.32;-63.44;22.58
46766950X;Alvaro Gilabert Morillas;Figueres;64;33742;107.18;43.48;-59.83;-161.21;-182.72;23.14;65.86
47640311N;Alexandre Salvador Aranda;Figueres;43;50041;430.7;-17.62;-41.46;-234.06;-277.19;-174.78;-45.57;-298.95;-267.85
46355436H;Carlos Miguel Valle Gauchia;Manresa;51;34528;264.55;0.09;-287.01;45.2;-293.45;-84.46;-43.8;-0.68
47603697U;Carlos-Alberto Gamiz Arroyo;Igualada;70;44665;342.71;12.16;187.61;-79.77;55.07;19.29;-151.31;-408.72;24.88;-403.68
47788829Y;Cesar Bascones Parra;Manresa;66;41087;1.26;-7.41;-70.89;180.9;-7.78;-17.63;69.87;115.44;-2.76;31.24;-56.39
77312773U;Jose Enrique Bordas Caro;'L''Hospitalet De Llobregat';44;42151;975.8;-150.84;-410.55;236.38;145.63;-206.56;117.58;16.47;-161.77
52167415K;Ramon Antonio Bru Cebollada;Figueres;68;39939;912.97;27.47;-44.47;-167.57;-468.91;-274.39;-29.52;-39.0;-50.18;145.52
53080268H;Edgar Calderon Temprado;Badalona;65;34367;817.96;404.72;-78.35;268.73;-132.45;18.89;-98.47;137.7;-31.05;-7.58;183.58
44194943M;Jesus Camacho Galito;Manresa;59;35363;26.81;-538.48;170.84;-6.62;-131.99;13.87;401.17
52912095N;Alvaro Carrera Cabezas;Esplugues De Llobregat;49;50873;937.06;269.27;-159.49;51.27;483.35;-51.32;49.02;281.35;45.45;155.74
44196231T;Joan Francesc Elgueta Ferrer;Cornellà Del Llobregat;52;38941;488.37;103.83;85.97;-229.79;65.79;13.26;-466.31;-47.4;-15.54;228.27
43693232B;Damia Gemes Curado;Badalona;62;30802;887.62;-77.08;90.98;9.01;-2.3;-452.89;-84.43;-50.57;-135.05
36576040G;David Luis Magriña Cañellas;Tarragona;49;40145;164.25;-371.79;-315.12;35.67;-104.01;-414.13;-122.05
38082499D;Rita Orellana Beltran;Tarragona;57;38795;202.19;183.54;226.53;-67.8;101.71;-143.73;216.9
46960238O;Marco Pallares Del Carmen;Gavà;58;56633;143.48;-373.26;244.67;11.63;63.8;-88.21;-65.79;-78.37;-24.12;381.91;-0.4
38108353L;Marcos Puente Tortosa;Cerdanyola Del Vallés;62;45656;507.79;26.2;70.23;55.66;309.41;-95.24;-199.46;-116.4;-310.0;146.86;-344.46
90002333L;Francisco Manuel Quiros Benitez;Girona;49;51200;945.63;-242.71;1.66;189.5;28.03;-45.39;-298.21;241.13;-39.82;211.64
43094816P;Rafael Romano Aparicio;Badalona;62;50145;320.35;-63.46;-427.88;-196.96;-31.15;-105.86;-208.69;-173.6
17749163M;Ramona Sardaña Mendoza;Barcelona;57;36072;961.6;302.91;2.48;115.76;13.26;-293.17;217.06;43.24
52625799F;Cristobal Sarrias Claramunt;Manresa;46;55326;91.58;-173.41;210.55;235.86;-25.14;22.41;-21.95;181.37
78087279W;Oscar Torns Sierra;Mollet Del Vallès;40;48233;574.03;-149.42;198.01;132.55;-92.41;-42.14;327.9;151.67;-512.01;225.51;22.68
44198770J;Ester Vallespin Soliano;Igualada;43;32490;257.62;-137.74;119.3;-90.8;-106.55;-273.61;-234.36;-4.03
53076617X;Ricard Varas De La Mano;Igualada;51;34098;577.31;-65.74;130.3;-270.97;120.42;-293.45;1.16;85.9;74.14
46704332C;Ana M Yepes Pascual;Figueres;51;55094;261.34;212.79;-27.11;-80.23;-206.06;-64.39;417.98;-204.75;385.71
44189284D;Santos Bouza Mayenco;'L''Hospitalet De Llobregat';48;58326;42.71;-310.15;174.4;-182.6;-72.58;267.18;-513.1
52461486H;Maria Carmen Burillo Ballesta;Granollers;69;34896;249.11;186.74;-204.17;-312.56;-276.59;-486.77;-59.68;434.53;-86.25;-121.76
43693006X;Carlos-Alberto Candal Abarca;Rubí;67;59847;983.25;-137.97;-189.31;367.9;475.18;146.42;283.27
43535661L;Maria Rosario Dorca Villalobos;Tarragona;65;30022;682.21;-343.52;-386.05;59.25;-161.13;220.68;101.35;-204.27;-370.41;-361.46;-164.4
44992405M;Ignacio Hugas Cuacos;Rubí;56;31035;459.86;-95.3;204.57;29.96;296.89;497.31;-170.36
47611066W;Ruben Maestre Folch;Tarragona;66;53967;156.53;-12.73;-20.8;-14.15;-259.76;-16.45;-184.77;-312.34;301.56
33968270B;Josep Mut Vilas;Girona;66;31556;468.5;399.49;-333.1;128.07;-81.27;-519.35;-174.64;-37.75;-5.99;-5.08;-241.21
46759346W;Susana Pich Carrasco;Manresa;65;42043;550.5;-33.85;161.26;109.43;143.05;-97.36;61.19;-73.8;-19.95;-16.79
53063228U;Jose Javier Pino Der Veen ;Granollers;42;59927;98.38;123.88;40.3;118.08;-293.38;-47.45;218.54;142.02;-40.64;-187.73
43696150U;Fco. Javier Raja Ribas;Gavà;41;31149;142.7;239.19;-159.71;-106.44;-5.89;53.66;462.05;279.52;-36.03;-10.63
46814607R;Miguel Angel Revenga Nolla;Vic;55;47101;234.86;-158.57;-342.67;-100.84;-3.91;-61.52;-95.64
43439516C;Carlos Manuel Tejero Méndez;Girona;51;59781;732.75;517.03;14.61;162.63;-375.21;-121.09;-185.44;264.51
53080375Y;Miguel Van Garrido;Cerdanyola Del Vallés;66;32226;777.07;-10.34;-204.87;-47.58;-8.54;59.9;4.76
52629517U;Oscar Ambrojo Tolo;Granollers;46;50228;229.87;-277.17;45.51;-59.53;-282.3;-476.7;26.89;-256.22
46694243M;Pedro Arnan Hernando;Terrassa;62;44622;591.14;-264.11;56.76;1.97;298.75;-328.86;91.24
46062406I;Salvador Blanco Montoya;Gavà;65;32127;594.78;553.58;-105.1;412.58;-12.97;76.63;-339.67;52.12;-59.04
40986721M;Luis Eduardo Caleya Caballo;Mollet Del Vallès;55;32826;56.04;-210.63;277.58;-128.78;11.91;-435.05;-151.16
46642356G;Jose Miguel Collado Vilches;Gavà;68;41963;68.27;320.46;199.17;329.02;349.69;286.6;30.9;-41.87;-27.95
46781061J;Manuel Charles Codina;Ripollet;50;42183;746.42;-239.72;-65.09;117.53;-70.84;-38.84;-24.96;63.99;-9.87;-157.58
46126742T;David Luis Fabrego Alcaide;Mollet Del Vallès;61;33940;617.4;462.0;-13.48;305.01;-189.65;133.3;-171.35;75.5;-9.06;72.13;33.94
46702522X;Maria Noelia Faro Torruella;Granollers;45;48373;829.81;122.16;327.01;11.24;76.05;-18.3;288.66;-22.83
47611826T;Juan Ramon Finestra Vicens;Badalona;40;52371;206.11;344.7;46.24;-138.01;-76.29;65.0;348.67;-12.55
46656376C;Antonio Grao Rios;Terrassa;64;33704;600.87;-115.12;245.81;-0.83;34.1;-131.28;288.96;-205.66;-33.77;31.12;-5.86
44193587Z;Antonio Manuel Gutierrez Satorra;Vic;68;47042;26.21;-249.28;-162.05;319.86;-206.06;-153.0;443.42;144.39
38843451H;Jose Jesus Jodra Esteller;Cornellà Del Llobregat;68;44811;400.8;-40.59;-0.93;-251.95;-129.73;2.61;-364.75
78579743M;Carles Lucas Torre;Reus;40;52802;233.67;34.73;159.32;-241.26;124.28;90.6;17.79;-33.18;144.07;-2.54;5.28
46349975B;Gemma Palahi Gilmet;Gavà;40;36586;606.51;-56.17;-166.56;147.22;-3.71;77.89;-210.62;370.53
46060428M;Jose Antonio Pereira Anglada;Lleida;70;44426;364.94;78.45;-128.28;-426.25;119.63;54.39;-3.37;-449.56;204.47;-98.0
43528289J;Alfonso Jose Renedo Marin;Rubí;55;50416;960.99;323.69;111.68;-95.51;4.05;159.74;-2.74;-10.83;-162.96;65.54
46728906R;Ainoha Ros0 Ferrero;Ripollet;61;43588;508.65;91.11;186.79;9.3;-57.96;12.62;127.67;-22.61
39719121R;Yolanda Vidal Morgado;Esplugues De Llobregat;45;41521;610.21;56.5;-0.55;105.18;64.91;-22.27;91.35;290.9
46656264S;Isaias Agenjo Franquesa;Figueres;51;41521;341.1;-10.66;-213.2;-1.02;403.42;-53.87;167.41;41.25
52399195C;Juan Manuel Gamez Illescas;Granollers;62;32199;390.45;-374.2;-63.79;131.02;148.95;149.46;-73.28;75.67;118.83;-369.66;334.13
43521876V;Jorge Alejandro Luesma La Prieta Antoli;Ripollet;70;39895;98.46;145.0;-106.44;267.95;-227.75;11.92;-17.98;-366.41;-19.31;-221.99
38110454F;Ferran Tamayo Ribalta;Vic;56;41320;331.04;318.73;103.2;19.89;-354.38;-1.18;-87.85
52439658A;Carlos Manuel Troyano Nieto;Tarragona;62;40138;818.58;334.36;533.17;141.01;413.94;280.55;-363.18;-347.81;-287.58
46781291O;Jaime Bravo Soldevila;Blanes;41;43029;235.64;-115.15;63.15;142.6;204.8;24.99;174.28;-127.76
46034925D;Silvia Casanovas Santiago;Girona;67;50612;423.0;-255.49;-250.49;-3.53;-82.67;-192.01;22.4;-153.85;-383.57;-160.59;343.1
46350415G;Ana M Godoy Brufau;Mataró;50;45037;547.69;53.67;-28.74;223.64;-47.66;350.01;-69.24;219.75;-181.32
46704303N;Ma. Alba Yague Subirats;Girona;65;39787;998.34;-43.76;-403.1;-13.72;-62.51;22.97;-70.8;138.23;-81.25
46759869Q;Joaquim Carril Mcauley;Ripollet;47;35370;482.13;-2.64;-454.94;2.43;-13.0;-18.39;-114.52;117.23;-221.21
44187936Y;Ruben Espinos Miquel;Mollet Del Vallès;52;40162;544.72;-4.82;-129.88;25.63;182.07;10.01;-49.48;284.65;196.77;-411.71
34766041G;Alfonso Jose Blanch Castel;Girona;42;59981;184.52;-138.3;475.95;-107.15;-33.54;97.51;-151.77
40986013W;Emilio Cañete Pique;Badalona;54;56314;307.43;10.62;36.03;173.07;41.95;-174.12;280.33
46348195K;Miquel Francesc Casado Leon;Cerdanyola Del Vallés;61;34142;439.07;416.19;46.46;-110.07;7.65;-31.57;133.38;-4.52;-301.75;-124.51
43742901S;Andres Cortes-Russell Outeiriño;Igualada;46;47217;33.39;-16.68;-223.12;61.12;-41.6;-170.36;-10.62
44190247A;Jordi Escorihuela Julia;Cornellà Del Llobregat;69;30429;412.3;-493.69;-278.37;-48.78;157.84;116.14;177.7
46754797N;Jorge Pedro Francisco Sebastia;Blanes;52;31675;965.76;43.41;-85.34;78.93;225.85;-51.55;197.14;105.65;311.44
44011517P;Tomas Gine Cugat;Reus;68;40765;881.06;-5.81;-515.91;-179.66;238.41;-96.3;172.76;-106.52;-329.32;356.66;-477.04
38443877L;Fco. Javier Gracia Gallardo;Cerdanyola Del Vallés;42;59038;322.99;-12.63;-77.57;39.05;-109.7;-5.11;-14.3;-156.11
72551925M;Maria Del Mar Grau Aviles;Igualada;68;45258;332.24;-206.92;136.72;-363.02;171.44;-178.06;-17.38
52399381B;Cristobal Martos Parga;Girona;66;39321;368.75;-124.16;-370.36;59.1;11.05;95.64;-28.73;-264.81;-26.36;115.05;-75.43
52155214T;Gustavo Morlans Blanco;Girona;43;46034;345.42;118.65;-18.91;-181.17;0.38;124.95;-0.77;13.57;133.36
36521421J;Elisenda Munne Martin;Igualada;48;43127;780.65;-43.85;462.25;38.03;-499.52;263.25;-34.24
47610591B;Joan Josep Nieto Medina;Manresa;60;34343;25.38;-500.34;3.26;275.96;-183.08;-347.11;-285.82;32.48;33.21;166.61
52278727G;M Jose Ortin Exposito;Manresa;61;48952;338.34;-139.88;-88.01;70.03;26.19;8.85;-111.01;-172.23;-14.12
44009114A;Ana Isabel Pazos Mendez;Tarragona;62;34140;828.98;61.02;-532.0;87.72;-25.77;93.93;248.95;347.46;-195.57;128.0
78150635C;Eugenio Periago Gine;Reus;44;35872;713.12;-184.6;50.09;-163.13;-69.92;197.53;125.17;-88.37;199.87;-228.0
52279157B;David Porto Esteban;Ripollet;68;45372;651.11;15.27;-84.85;-57.2;-2.02;-105.99;-126.51;-31.23;97.89
44180439Q;Elisenda Rubio Aguera;Manresa;68;41222;21.92;51.02;-95.83;339.73;296.88;-62.77;208.71;59.29;-154.21;186.57;332.01
46681535J;Ana Maria Safont Tapia;Igualada;58;35464;576.27;-92.96;-10.67;191.89;179.77;-63.82;-235.68
38119709H;Juan Luis Tribo Ingles;Barcelona;55;45032;825.57;-129.01;27.36;-314.1;-397.73;-74.91;-122.91;29.99
43725498B;Olivia Tuñón Blanche;Girona;43;33966;567.32;-22.12;4.88;24.62;-208.88;34.74;-107.69
36515591S;M Beatriz Valero Guinea;Tarragona;49;52222;618.34;265.51;-192.72;-106.73;101.15;346.88;161.7;-224.25;489.1
46736138J;Jonathan Villarroya Oliver;Girona;53;30007;283.87;-145.29;-41.56;-305.69;24.87;52.57;95.0;298.26
46573527M;Juan Pedro Villegas Prada;Mataró;44;51704;478.57;149.59;69.12;-89.67;26.31;-183.14;37.28;-119.87;13.39
43062425J;Hector Jose Acedo Casado;Cerdanyola Del Vallés;56;47408;24.62;-375.4;-56.43;413.09;161.35;271.25;-136.85;500.75;61.62;-168.72
35098266G;Cristina Alarcon Carceles;Manresa;61;45269;215.97;245.37;63.59;-74.38;37.63;-427.07;-16.44;-35.21;-77.11
46546673L;Eugenio Alsina Romero;Mollet Del Vallès;51;39514;908.1;-88.58;-389.82;-95.49;-226.48;275.04;459.05
43509908U;Gema Alzuria Villalba;Ripollet;59;38071;859.75;-115.78;1.83;-169.94;-502.21;-413.95;-32.98
46599514A;Victoriano Arcos Peña;Granollers;53;49877;49.09;-138.34;-45.38;-110.27;-2.2;15.23;254.47
47652734O;Jorge Asin Grande;Granollers;41;41382;907.56;-166.71;-261.58;-33.76;259.13;-8.12;-4.2;-122.58;-247.64
36520429B;Jose Jacinto Bolivar Pares;Rubí;55;56775;387.27;-140.76;48.06;50.11;185.2;-346.34;-264.46;172.92
52169592Z;Gustavo Adolfo Bonell Sancho;Igualada;40;52638;819.79;137.56;-137.95;424.17;-114.42;-183.87;-382.95
52217052W;Maria Pilar Clemente Triguero;Vic;59;32146;427.85;8.96;84.51;122.49;394.61;-60.88;32.53;-209.66;-21.66
53075401W;Francisco Javir Cordero Villaro;Vic;66;59432;424.41;-31.39;12.48;-125.9;-30.25;8.94;-167.38
38452831Y;Alicia Dalmau Gurpegui;Ripollet;56;33901;279.23;159.94;-167.07;-78.41;225.89;88.51;63.59
46700208W;Carmen Delgado Cordon;Figueres;51;33621;22.74;-275.84;-238.21;237.6;-250.63;199.79;327.34;307.39;-480.57;-60.61
40446525I;Francisco Jose Eseberri Guerrero;Terrassa;65;43206;186.98;44.87;-481.14;56.64;238.44;439.14;57.61;-62.75;49.8
53072288E;Andres Kieran Hadidian Perez De Tudela;Terrassa;47;56347;230.94;90.39;374.78;-383.72;-207.6;294.69;-465.25;-179.17
47611443Q;Alicia Lluch Alos;Girona;67;52595;959.29;269.35;-53.19;38.38;-13.71;402.22;159.6;1.15
46061010D;Margarita Medel Asensio;Mollet Del Vallès;48;34721;922.73;-24.92;-336.26;205.59;-347.63;227.47;399.38;366.12
